report_id,consumer_id,report_date,file_number,source_document
1,1,2021-10-08,FILE0000001,CR_1_20211008.pdf
2,2,2021-01-16,FILE0000002,CR_2_20210116.pdf
3,3,2023-02-22,FILE0000003,CR_3_20230222.pdf
4,3,2023-08-22,FILE0000004,CR_3_20230822.pdf
5,3,2023-08-25,FILE0000005,CR_3_20230825.pdf
6,3,2023-12-04,FILE0000006,CR_3_20231204.pdf
7,4,2022-12-20,FILE0000007,CR_4_20221220.pdf
8,4,2023-05-01,FILE0000008,CR_4_20230501.pdf
9,5,2022-03-16,FILE0000009,CR_5_20220316.pdf
10,5,2022-07-04,FILE0000010,CR_5_20220704.pdf
11,5,2022-09-16,FILE0000011,CR_5_20220916.pdf
12,5,2023-04-22,FILE0000012,CR_5_20230422.pdf
13,6,2021-12-28,FILE0000013,CR_6_20211228.pdf
14,6,2022-05-05,FILE0000014,CR_6_20220505.pdf
15,6,2022-08-25,FILE0000015,CR_6_20220825.pdf
16,7,2020-05-06,FILE0000016,CR_7_20200506.pdf
17,7,2020-09-05,FILE0000017,CR_7_20200905.pdf
18,7,2021-06-14,FILE0000018,CR_7_20210614.pdf
19,8,2020-03-01,FILE0000019,CR_8_20200301.pdf
20,8,2020-08-09,FILE0000020,CR_8_20200809.pdf
21,8,2020-11-06,FILE0000021,CR_8_20201106.pdf
22,8,2021-02-18,FILE0000022,CR_8_20210218.pdf
23,9,2021-11-30,FILE0000023,CR_9_20211130.pdf
24,9,2022-04-19,FILE0000024,CR_9_20220419.pdf
25,10,2020-06-28,FILE0000025,CR_10_20200628.pdf
26,10,2020-11-13,FILE0000026,CR_10_20201113.pdf
27,11,2022-05-04,FILE0000027,CR_11_20220504.pdf
28,11,2022-10-14,FILE0000028,CR_11_20221014.pdf
29,12,2022-05-23,FILE0000029,CR_12_20220523.pdf
30,12,2022-12-15,FILE0000030,CR_12_20221215.pdf
31,13,2022-07-08,FILE0000031,CR_13_20220708.pdf
32,13,2022-10-22,FILE0000032,CR_13_20221022.pdf
33,13,2023-02-25,FILE0000033,CR_13_20230225.pdf
34,14,2023-04-04,FILE0000034,CR_14_20230404.pdf
35,14,2023-09-28,FILE0000035,CR_14_20230928.pdf
36,15,2020-10-09,FILE0000036,CR_15_20201009.pdf
37,15,2021-04-05,FILE0000037,CR_15_20210405.pdf
38,16,2022-05-30,FILE0000038,CR_16_20220530.pdf
39,16,2022-12-04,FILE0000039,CR_16_20221204.pdf
40,17,2023-09-05,FILE0000040,CR_17_20230905.pdf
41,17,2024-02-14,FILE0000041,CR_17_20240214.pdf
42,18,2021-10-12,FILE0000042,CR_18_20211012.pdf
43,18,2022-03-22,FILE0000043,CR_18_20220322.pdf
44,19,2021-01-12,FILE0000044,CR_19_20210112.pdf
45,20,2020-03-01,FILE0000045,CR_20_20200301.pdf
46,20,2020-07-09,FILE0000046,CR_20_20200709.pdf
47,21,2022-04-22,FILE0000047,CR_21_20220422.pdf
48,21,2022-09-15,FILE0000048,CR_21_20220915.pdf
49,21,2023-04-27,FILE0000049,CR_21_20230427.pdf
50,21,2024-01-09,FILE0000050,CR_21_20240109.pdf
51,22,2020-11-07,FILE0000051,CR_22_20201107.pdf
52,22,2021-03-01,FILE0000052,CR_22_20210301.pdf
53,22,2021-06-01,FILE0000053,CR_22_20210601.pdf
54,23,2021-01-13,FILE0000054,CR_23_20210113.pdf
55,23,2021-07-19,FILE0000055,CR_23_20210719.pdf
56,24,2023-05-25,FILE0000056,CR_24_20230525.pdf
57,24,2023-11-09,FILE0000057,CR_24_20231109.pdf
58,24,2024-01-18,FILE0000058,CR_24_20240118.pdf
59,25,2021-04-17,FILE0000059,CR_25_20210417.pdf
60,25,2021-07-19,FILE0000060,CR_25_20210719.pdf
61,26,2020-06-11,FILE0000061,CR_26_20200611.pdf
62,26,2020-12-17,FILE0000062,CR_26_20201217.pdf
63,26,2021-04-09,FILE0000063,CR_26_20210409.pdf
64,27,2022-10-25,FILE0000064,CR_27_20221025.pdf
65,27,2023-04-10,FILE0000065,CR_27_20230410.pdf
66,28,2023-12-29,FILE0000066,CR_28_20231229.pdf
67,28,2024-05-14,FILE0000067,CR_28_20240514.pdf
68,28,2024-08-11,FILE0000068,CR_28_20240811.pdf
69,29,2022-10-03,FILE0000069,CR_29_20221003.pdf
70,29,2023-01-18,FILE0000070,CR_29_20230118.pdf
71,29,2023-05-11,FILE0000071,CR_29_20230511.pdf
72,29,2023-09-10,FILE0000072,CR_29_20230910.pdf
73,30,2020-03-07,FILE0000073,CR_30_20200307.pdf
74,30,2020-09-10,FILE0000074,CR_30_20200910.pdf
75,31,2021-07-06,FILE0000075,CR_31_20210706.pdf
76,32,2023-10-06,FILE0000076,CR_32_20231006.pdf
77,32,2024-04-09,FILE0000077,CR_32_20240409.pdf
78,33,2020-05-15,FILE0000078,CR_33_20200515.pdf
79,33,2020-12-09,FILE0000079,CR_33_20201209.pdf
80,34,2023-06-17,FILE0000080,CR_34_20230617.pdf
81,34,2023-12-12,FILE0000081,CR_34_20231212.pdf
82,34,2024-03-05,FILE0000082,CR_34_20240305.pdf
83,34,2025-02-06,FILE0000083,CR_34_20250206.pdf
84,35,2021-05-20,FILE0000084,CR_35_20210520.pdf
85,35,2021-10-08,FILE0000085,CR_35_20211008.pdf
86,35,2022-03-01,FILE0000086,CR_35_20220301.pdf
87,35,2022-06-02,FILE0000087,CR_35_20220602.pdf
88,36,2021-10-02,FILE0000088,CR_36_20211002.pdf
89,36,2022-03-19,FILE0000089,CR_36_20220319.pdf
90,36,2022-11-26,FILE0000090,CR_36_20221126.pdf
91,36,2023-04-10,FILE0000091,CR_36_20230410.pdf
92,37,2022-12-02,FILE0000092,CR_37_20221202.pdf
93,38,2022-07-24,FILE0000093,CR_38_20220724.pdf
94,38,2023-01-30,FILE0000094,CR_38_20230130.pdf
95,38,2023-02-11,FILE0000095,CR_38_20230211.pdf
96,38,2024-03-21,FILE0000096,CR_38_20240321.pdf
97,39,2022-11-28,FILE0000097,CR_39_20221128.pdf
98,39,2023-04-17,FILE0000098,CR_39_20230417.pdf
99,40,2023-02-16,FILE0000099,CR_40_20230216.pdf
100,41,2021-01-23,FILE0000100,CR_41_20210123.pdf
101,42,2022-03-26,FILE0000101,CR_42_20220326.pdf
102,42,2022-08-01,FILE0000102,CR_42_20220801.pdf
103,42,2023-04-08,FILE0000103,CR_42_20230408.pdf
104,42,2023-11-01,FILE0000104,CR_42_20231101.pdf
105,43,2022-08-02,FILE0000105,CR_43_20220802.pdf
106,43,2022-12-24,FILE0000106,CR_43_20221224.pdf
107,43,2023-04-13,FILE0000107,CR_43_20230413.pdf
108,44,2023-11-14,FILE0000108,CR_44_20231114.pdf
109,45,2022-08-07,FILE0000109,CR_45_20220807.pdf
110,45,2023-01-26,FILE0000110,CR_45_20230126.pdf
111,46,2020-07-04,FILE0000111,CR_46_20200704.pdf
112,46,2020-12-05,FILE0000112,CR_46_20201205.pdf
113,46,2021-01-28,FILE0000113,CR_46_20210128.pdf
114,46,2021-06-08,FILE0000114,CR_46_20210608.pdf
115,47,2022-03-16,FILE0000115,CR_47_20220316.pdf
116,47,2022-07-25,FILE0000116,CR_47_20220725.pdf
117,48,2020-02-21,FILE0000117,CR_48_20200221.pdf
118,48,2020-07-18,FILE0000118,CR_48_20200718.pdf
119,48,2021-01-16,FILE0000119,CR_48_20210116.pdf
120,48,2021-10-25,FILE0000120,CR_48_20211025.pdf
121,49,2022-07-20,FILE0000121,CR_49_20220720.pdf
122,49,2022-11-19,FILE0000122,CR_49_20221119.pdf
123,50,2023-11-17,FILE0000123,CR_50_20231117.pdf
124,50,2024-06-10,FILE0000124,CR_50_20240610.pdf
125,50,2024-11-13,FILE0000125,CR_50_20241113.pdf
126,51,2020-09-10,FILE0000126,CR_51_20200910.pdf
127,51,2020-12-23,FILE0000127,CR_51_20201223.pdf
128,52,2023-07-22,FILE0000128,CR_52_20230722.pdf
129,52,2023-10-30,FILE0000129,CR_52_20231030.pdf
130,52,2024-05-31,FILE0000130,CR_52_20240531.pdf
131,52,2025-01-12,FILE0000131,CR_52_20250112.pdf
132,53,2022-11-13,FILE0000132,CR_53_20221113.pdf
133,53,2023-03-03,FILE0000133,CR_53_20230303.pdf
134,53,2023-08-16,FILE0000134,CR_53_20230816.pdf
135,53,2024-03-07,FILE0000135,CR_53_20240307.pdf
136,54,2020-03-30,FILE0000136,CR_54_20200330.pdf
137,54,2020-07-19,FILE0000137,CR_54_20200719.pdf
138,54,2021-04-30,FILE0000138,CR_54_20210430.pdf
139,54,2021-05-16,FILE0000139,CR_54_20210516.pdf
140,55,2020-11-28,FILE0000140,CR_55_20201128.pdf
141,55,2021-03-16,FILE0000141,CR_55_20210316.pdf
142,56,2023-12-29,FILE0000142,CR_56_20231229.pdf
143,56,2024-05-20,FILE0000143,CR_56_20240520.pdf
144,57,2021-09-25,FILE0000144,CR_57_20210925.pdf
145,57,2022-04-01,FILE0000145,CR_57_20220401.pdf
146,57,2022-07-16,FILE0000146,CR_57_20220716.pdf
147,58,2023-07-06,FILE0000147,CR_58_20230706.pdf
148,58,2023-10-19,FILE0000148,CR_58_20231019.pdf
149,58,2024-08-19,FILE0000149,CR_58_20240819.pdf
150,59,2021-02-19,FILE0000150,CR_59_20210219.pdf
151,59,2021-08-07,FILE0000151,CR_59_20210807.pdf
152,60,2020-01-26,FILE0000152,CR_60_20200126.pdf
153,60,2020-06-27,FILE0000153,CR_60_20200627.pdf
154,60,2021-02-27,FILE0000154,CR_60_20210227.pdf
155,61,2023-01-18,FILE0000155,CR_61_20230118.pdf
156,61,2023-04-18,FILE0000156,CR_61_20230418.pdf
157,61,2023-12-18,FILE0000157,CR_61_20231218.pdf
158,61,2024-09-15,FILE0000158,CR_61_20240915.pdf
159,62,2021-05-02,FILE0000159,CR_62_20210502.pdf
160,62,2021-10-14,FILE0000160,CR_62_20211014.pdf
161,62,2022-04-15,FILE0000161,CR_62_20220415.pdf
162,62,2022-07-26,FILE0000162,CR_62_20220726.pdf
163,63,2022-04-19,FILE0000163,CR_63_20220419.pdf
164,63,2022-07-28,FILE0000164,CR_63_20220728.pdf
165,63,2023-03-17,FILE0000165,CR_63_20230317.pdf
166,63,2023-08-30,FILE0000166,CR_63_20230830.pdf
167,64,2021-05-16,FILE0000167,CR_64_20210516.pdf
168,65,2023-06-23,FILE0000168,CR_65_20230623.pdf
169,65,2023-12-01,FILE0000169,CR_65_20231201.pdf
170,65,2024-07-15,FILE0000170,CR_65_20240715.pdf
171,66,2020-04-10,FILE0000171,CR_66_20200410.pdf
172,66,2020-07-27,FILE0000172,CR_66_20200727.pdf
173,67,2023-08-30,FILE0000173,CR_67_20230830.pdf
174,68,2020-10-24,FILE0000174,CR_68_20201024.pdf
175,69,2023-09-28,FILE0000175,CR_69_20230928.pdf
176,70,2021-11-09,FILE0000176,CR_70_20211109.pdf
177,70,2022-02-18,FILE0000177,CR_70_20220218.pdf
178,70,2022-05-20,FILE0000178,CR_70_20220520.pdf
179,71,2022-05-03,FILE0000179,CR_71_20220503.pdf
180,72,2023-10-08,FILE0000180,CR_72_20231008.pdf
181,72,2024-03-24,FILE0000181,CR_72_20240324.pdf
182,73,2022-07-21,FILE0000182,CR_73_20220721.pdf
183,73,2023-01-01,FILE0000183,CR_73_20230101.pdf
184,74,2020-03-14,FILE0000184,CR_74_20200314.pdf
185,74,2020-09-18,FILE0000185,CR_74_20200918.pdf
186,74,2020-11-25,FILE0000186,CR_74_20201125.pdf
187,75,2022-01-24,FILE0000187,CR_75_20220124.pdf
188,75,2022-06-11,FILE0000188,CR_75_20220611.pdf
189,75,2023-02-16,FILE0000189,CR_75_20230216.pdf
190,76,2022-05-25,FILE0000190,CR_76_20220525.pdf
191,77,2021-08-22,FILE0000191,CR_77_20210822.pdf
192,78,2020-09-06,FILE0000192,CR_78_20200906.pdf
193,78,2021-03-25,FILE0000193,CR_78_20210325.pdf
194,79,2021-11-05,FILE0000194,CR_79_20211105.pdf
195,79,2022-03-27,FILE0000195,CR_79_20220327.pdf
196,79,2022-09-15,FILE0000196,CR_79_20220915.pdf
197,80,2023-11-26,FILE0000197,CR_80_20231126.pdf
198,80,2024-05-12,FILE0000198,CR_80_20240512.pdf
199,81,2020-08-11,FILE0000199,CR_81_20200811.pdf
200,82,2022-09-17,FILE0000200,CR_82_20220917.pdf
201,83,2022-05-24,FILE0000201,CR_83_20220524.pdf
202,83,2022-12-08,FILE0000202,CR_83_20221208.pdf
203,83,2023-02-08,FILE0000203,CR_83_20230208.pdf
204,84,2022-12-12,FILE0000204,CR_84_20221212.pdf
205,84,2023-05-30,FILE0000205,CR_84_20230530.pdf
206,84,2023-09-08,FILE0000206,CR_84_20230908.pdf
207,85,2023-06-12,FILE0000207,CR_85_20230612.pdf
208,85,2023-11-12,FILE0000208,CR_85_20231112.pdf
209,86,2022-10-05,FILE0000209,CR_86_20221005.pdf
210,86,2023-01-26,FILE0000210,CR_86_20230126.pdf
211,86,2023-11-15,FILE0000211,CR_86_20231115.pdf
212,86,2024-02-21,FILE0000212,CR_86_20240221.pdf
213,87,2023-12-22,FILE0000213,CR_87_20231222.pdf
214,87,2024-04-14,FILE0000214,CR_87_20240414.pdf
215,88,2020-08-30,FILE0000215,CR_88_20200830.pdf
216,89,2023-07-04,FILE0000216,CR_89_20230704.pdf
217,89,2023-10-17,FILE0000217,CR_89_20231017.pdf
218,89,2024-07-06,FILE0000218,CR_89_20240706.pdf
219,89,2025-02-17,FILE0000219,CR_89_20250217.pdf
220,90,2023-06-14,FILE0000220,CR_90_20230614.pdf
221,90,2023-11-03,FILE0000221,CR_90_20231103.pdf
222,91,2021-11-14,FILE0000222,CR_91_20211114.pdf
223,92,2020-01-24,FILE0000223,CR_92_20200124.pdf
224,92,2020-05-18,FILE0000224,CR_92_20200518.pdf
225,93,2021-06-05,FILE0000225,CR_93_20210605.pdf
226,93,2021-09-11,FILE0000226,CR_93_20210911.pdf
227,93,2022-02-18,FILE0000227,CR_93_20220218.pdf
228,94,2022-11-03,FILE0000228,CR_94_20221103.pdf
229,94,2023-03-14,FILE0000229,CR_94_20230314.pdf
230,94,2023-11-14,FILE0000230,CR_94_20231114.pdf
231,95,2020-08-21,FILE0000231,CR_95_20200821.pdf
232,96,2021-11-30,FILE0000232,CR_96_20211130.pdf
233,96,2022-05-31,FILE0000233,CR_96_20220531.pdf
234,96,2022-10-20,FILE0000234,CR_96_20221020.pdf
235,97,2020-12-25,FILE0000235,CR_97_20201225.pdf
236,98,2021-11-23,FILE0000236,CR_98_20211123.pdf
237,98,2022-05-18,FILE0000237,CR_98_20220518.pdf
238,98,2022-09-21,FILE0000238,CR_98_20220921.pdf
239,99,2020-03-13,FILE0000239,CR_99_20200313.pdf
240,99,2020-06-28,FILE0000240,CR_99_20200628.pdf
241,99,2021-01-09,FILE0000241,CR_99_20210109.pdf
242,99,2021-02-03,FILE0000242,CR_99_20210203.pdf
243,100,2023-01-04,FILE0000243,CR_100_20230104.pdf
244,100,2023-05-16,FILE0000244,CR_100_20230516.pdf
245,100,2023-10-29,FILE0000245,CR_100_20231029.pdf
246,100,2024-07-27,FILE0000246,CR_100_20240727.pdf
247,101,2020-04-24,FILE0000247,CR_101_20200424.pdf
248,101,2020-09-27,FILE0000248,CR_101_20200927.pdf
249,101,2021-01-05,FILE0000249,CR_101_20210105.pdf
250,101,2021-08-23,FILE0000250,CR_101_20210823.pdf
251,102,2023-02-11,FILE0000251,CR_102_20230211.pdf
252,102,2023-05-14,FILE0000252,CR_102_20230514.pdf
253,102,2023-10-01,FILE0000253,CR_102_20231001.pdf
254,103,2021-12-25,FILE0000254,CR_103_20211225.pdf
255,103,2022-04-13,FILE0000255,CR_103_20220413.pdf
256,103,2022-09-01,FILE0000256,CR_103_20220901.pdf
257,104,2021-11-25,FILE0000257,CR_104_20211125.pdf
258,105,2023-03-15,FILE0000258,CR_105_20230315.pdf
259,105,2023-08-01,FILE0000259,CR_105_20230801.pdf
260,106,2023-05-03,FILE0000260,CR_106_20230503.pdf
261,106,2023-11-19,FILE0000261,CR_106_20231119.pdf
262,107,2023-12-15,FILE0000262,CR_107_20231215.pdf
263,107,2024-04-23,FILE0000263,CR_107_20240423.pdf
264,107,2024-12-09,FILE0000264,CR_107_20241209.pdf
265,108,2021-07-10,FILE0000265,CR_108_20210710.pdf
266,109,2022-10-14,FILE0000266,CR_109_20221014.pdf
267,110,2022-01-31,FILE0000267,CR_110_20220131.pdf
268,110,2022-08-15,FILE0000268,CR_110_20220815.pdf
269,111,2021-03-18,FILE0000269,CR_111_20210318.pdf
270,111,2021-07-24,FILE0000270,CR_111_20210724.pdf
271,111,2021-10-28,FILE0000271,CR_111_20211028.pdf
272,112,2022-02-05,FILE0000272,CR_112_20220205.pdf
273,113,2021-02-17,FILE0000273,CR_113_20210217.pdf
274,114,2022-06-27,FILE0000274,CR_114_20220627.pdf
275,115,2022-09-15,FILE0000275,CR_115_20220915.pdf
276,116,2021-01-24,FILE0000276,CR_116_20210124.pdf
277,116,2021-08-20,FILE0000277,CR_116_20210820.pdf
278,117,2022-12-08,FILE0000278,CR_117_20221208.pdf
279,117,2023-06-15,FILE0000279,CR_117_20230615.pdf
280,117,2023-08-27,FILE0000280,CR_117_20230827.pdf
281,117,2023-10-28,FILE0000281,CR_117_20231028.pdf
282,118,2022-11-23,FILE0000282,CR_118_20221123.pdf
283,119,2021-02-24,FILE0000283,CR_119_20210224.pdf
284,119,2021-05-29,FILE0000284,CR_119_20210529.pdf
285,120,2022-03-04,FILE0000285,CR_120_20220304.pdf
286,120,2022-09-20,FILE0000286,CR_120_20220920.pdf
287,120,2023-01-10,FILE0000287,CR_120_20230110.pdf
288,121,2021-09-28,FILE0000288,CR_121_20210928.pdf
289,122,2023-11-08,FILE0000289,CR_122_20231108.pdf
290,123,2021-11-13,FILE0000290,CR_123_20211113.pdf
291,124,2020-07-30,FILE0000291,CR_124_20200730.pdf
292,125,2020-02-16,FILE0000292,CR_125_20200216.pdf
293,125,2020-08-21,FILE0000293,CR_125_20200821.pdf
294,125,2020-10-31,FILE0000294,CR_125_20201031.pdf
295,126,2021-10-19,FILE0000295,CR_126_20211019.pdf
296,126,2022-02-10,FILE0000296,CR_126_20220210.pdf
297,127,2021-07-20,FILE0000297,CR_127_20210720.pdf
298,127,2021-11-27,FILE0000298,CR_127_20211127.pdf
299,127,2022-07-31,FILE0000299,CR_127_20220731.pdf
300,128,2023-10-06,FILE0000300,CR_128_20231006.pdf
301,128,2024-02-07,FILE0000301,CR_128_20240207.pdf
302,128,2024-05-11,FILE0000302,CR_128_20240511.pdf
303,128,2024-08-31,FILE0000303,CR_128_20240831.pdf
304,129,2020-08-22,FILE0000304,CR_129_20200822.pdf
305,129,2021-02-07,FILE0000305,CR_129_20210207.pdf
306,129,2021-07-10,FILE0000306,CR_129_20210710.pdf
307,130,2021-02-27,FILE0000307,CR_130_20210227.pdf
308,131,2023-01-30,FILE0000308,CR_131_20230130.pdf
309,131,2023-06-03,FILE0000309,CR_131_20230603.pdf
310,131,2023-09-03,FILE0000310,CR_131_20230903.pdf
311,132,2023-03-21,FILE0000311,CR_132_20230321.pdf
312,132,2023-07-10,FILE0000312,CR_132_20230710.pdf
313,132,2023-10-05,FILE0000313,CR_132_20231005.pdf
314,133,2023-06-09,FILE0000314,CR_133_20230609.pdf
315,133,2023-10-20,FILE0000315,CR_133_20231020.pdf
316,133,2024-04-22,FILE0000316,CR_133_20240422.pdf
317,134,2020-04-13,FILE0000317,CR_134_20200413.pdf
318,134,2020-07-15,FILE0000318,CR_134_20200715.pdf
319,134,2021-02-07,FILE0000319,CR_134_20210207.pdf
320,134,2021-12-19,FILE0000320,CR_134_20211219.pdf
321,135,2020-08-04,FILE0000321,CR_135_20200804.pdf
322,136,2020-06-25,FILE0000322,CR_136_20200625.pdf
323,137,2021-01-01,FILE0000323,CR_137_20210101.pdf
324,137,2021-06-16,FILE0000324,CR_137_20210616.pdf
325,137,2022-02-13,FILE0000325,CR_137_20220213.pdf
326,137,2022-05-11,FILE0000326,CR_137_20220511.pdf
327,138,2023-06-16,FILE0000327,CR_138_20230616.pdf
328,138,2023-10-23,FILE0000328,CR_138_20231023.pdf
329,138,2024-03-06,FILE0000329,CR_138_20240306.pdf
330,138,2025-01-18,FILE0000330,CR_138_20250118.pdf
331,139,2023-12-31,FILE0000331,CR_139_20231231.pdf
332,139,2024-06-23,FILE0000332,CR_139_20240623.pdf
333,140,2022-08-11,FILE0000333,CR_140_20220811.pdf
334,141,2020-07-09,FILE0000334,CR_141_20200709.pdf
335,141,2021-01-17,FILE0000335,CR_141_20210117.pdf
336,142,2020-07-18,FILE0000336,CR_142_20200718.pdf
337,142,2020-11-24,FILE0000337,CR_142_20201124.pdf
338,142,2021-07-07,FILE0000338,CR_142_20210707.pdf
339,142,2021-12-16,FILE0000339,CR_142_20211216.pdf
340,143,2022-08-21,FILE0000340,CR_143_20220821.pdf
341,143,2022-12-17,FILE0000341,CR_143_20221217.pdf
342,143,2023-03-25,FILE0000342,CR_143_20230325.pdf
343,143,2024-04-12,FILE0000343,CR_143_20240412.pdf
344,144,2022-01-14,FILE0000344,CR_144_20220114.pdf
345,144,2022-05-07,FILE0000345,CR_144_20220507.pdf
346,144,2023-01-07,FILE0000346,CR_144_20230107.pdf
347,145,2021-10-27,FILE0000347,CR_145_20211027.pdf
348,145,2022-03-28,FILE0000348,CR_145_20220328.pdf
349,145,2022-05-01,FILE0000349,CR_145_20220501.pdf
350,146,2022-08-31,FILE0000350,CR_146_20220831.pdf
351,147,2022-09-07,FILE0000351,CR_147_20220907.pdf
352,147,2023-03-24,FILE0000352,CR_147_20230324.pdf
353,147,2023-04-17,FILE0000353,CR_147_20230417.pdf
354,148,2021-12-14,FILE0000354,CR_148_20211214.pdf
355,148,2022-05-26,FILE0000355,CR_148_20220526.pdf
356,148,2022-07-14,FILE0000356,CR_148_20220714.pdf
357,149,2022-04-10,FILE0000357,CR_149_20220410.pdf
358,150,2021-10-29,FILE0000358,CR_150_20211029.pdf
359,151,2021-09-10,FILE0000359,CR_151_20210910.pdf
360,152,2022-03-31,FILE0000360,CR_152_20220331.pdf
361,152,2022-08-20,FILE0000361,CR_152_20220820.pdf
362,152,2022-11-26,FILE0000362,CR_152_20221126.pdf
363,152,2023-08-20,FILE0000363,CR_152_20230820.pdf
364,153,2023-01-27,FILE0000364,CR_153_20230127.pdf
365,153,2023-06-27,FILE0000365,CR_153_20230627.pdf
366,154,2020-05-15,FILE0000366,CR_154_20200515.pdf
367,154,2020-09-08,FILE0000367,CR_154_20200908.pdf
368,154,2021-06-07,FILE0000368,CR_154_20210607.pdf
369,154,2021-10-31,FILE0000369,CR_154_20211031.pdf
370,155,2022-06-10,FILE0000370,CR_155_20220610.pdf
371,155,2022-12-17,FILE0000371,CR_155_20221217.pdf
372,155,2023-03-03,FILE0000372,CR_155_20230303.pdf
373,155,2023-09-30,FILE0000373,CR_155_20230930.pdf
374,156,2020-12-20,FILE0000374,CR_156_20201220.pdf
375,156,2021-06-13,FILE0000375,CR_156_20210613.pdf
376,157,2023-12-28,FILE0000376,CR_157_20231228.pdf
377,158,2020-08-22,FILE0000377,CR_158_20200822.pdf
378,158,2021-02-04,FILE0000378,CR_158_20210204.pdf
379,158,2021-06-16,FILE0000379,CR_158_20210616.pdf
380,158,2021-09-19,FILE0000380,CR_158_20210919.pdf
381,159,2022-06-30,FILE0000381,CR_159_20220630.pdf
382,160,2022-04-11,FILE0000382,CR_160_20220411.pdf
383,160,2022-09-24,FILE0000383,CR_160_20220924.pdf
384,160,2022-11-03,FILE0000384,CR_160_20221103.pdf
385,161,2021-11-01,FILE0000385,CR_161_20211101.pdf
386,161,2022-04-22,FILE0000386,CR_161_20220422.pdf
387,161,2022-08-19,FILE0000387,CR_161_20220819.pdf
388,161,2022-10-15,FILE0000388,CR_161_20221015.pdf
389,162,2021-03-21,FILE0000389,CR_162_20210321.pdf
390,163,2023-04-04,FILE0000390,CR_163_20230404.pdf
391,163,2023-10-07,FILE0000391,CR_163_20231007.pdf
392,164,2020-10-27,FILE0000392,CR_164_20201027.pdf
393,165,2022-07-16,FILE0000393,CR_165_20220716.pdf
394,165,2022-11-20,FILE0000394,CR_165_20221120.pdf
395,166,2023-06-14,FILE0000395,CR_166_20230614.pdf
396,166,2023-11-08,FILE0000396,CR_166_20231108.pdf
397,166,2024-01-30,FILE0000397,CR_166_20240130.pdf
398,166,2024-05-27,FILE0000398,CR_166_20240527.pdf
399,167,2021-09-05,FILE0000399,CR_167_20210905.pdf
400,167,2022-03-15,FILE0000400,CR_167_20220315.pdf
401,167,2022-10-22,FILE0000401,CR_167_20221022.pdf
402,168,2022-06-09,FILE0000402,CR_168_20220609.pdf
403,168,2023-01-02,FILE0000403,CR_168_20230102.pdf
404,168,2023-03-04,FILE0000404,CR_168_20230304.pdf
405,169,2023-04-08,FILE0000405,CR_169_20230408.pdf
406,170,2020-09-18,FILE0000406,CR_170_20200918.pdf
407,170,2021-01-23,FILE0000407,CR_170_20210123.pdf
408,170,2021-03-31,FILE0000408,CR_170_20210331.pdf
409,170,2021-11-03,FILE0000409,CR_170_20211103.pdf
410,171,2020-01-02,FILE0000410,CR_171_20200102.pdf
411,172,2020-08-12,FILE0000411,CR_172_20200812.pdf
412,172,2020-12-16,FILE0000412,CR_172_20201216.pdf
413,172,2021-09-16,FILE0000413,CR_172_20210916.pdf
414,173,2021-04-26,FILE0000414,CR_173_20210426.pdf
415,174,2023-07-04,FILE0000415,CR_174_20230704.pdf
416,174,2024-01-01,FILE0000416,CR_174_20240101.pdf
417,174,2024-04-05,FILE0000417,CR_174_20240405.pdf
418,174,2024-08-30,FILE0000418,CR_174_20240830.pdf
419,175,2022-06-10,FILE0000419,CR_175_20220610.pdf
420,175,2022-10-05,FILE0000420,CR_175_20221005.pdf
421,175,2023-05-12,FILE0000421,CR_175_20230512.pdf
422,175,2023-05-24,FILE0000422,CR_175_20230524.pdf
423,176,2020-10-11,FILE0000423,CR_176_20201011.pdf
424,176,2021-03-21,FILE0000424,CR_176_20210321.pdf
425,176,2021-07-16,FILE0000425,CR_176_20210716.pdf
426,176,2022-05-25,FILE0000426,CR_176_20220525.pdf
427,177,2022-05-04,FILE0000427,CR_177_20220504.pdf
428,177,2022-09-07,FILE0000428,CR_177_20220907.pdf
429,177,2023-06-10,FILE0000429,CR_177_20230610.pdf
430,178,2020-10-02,FILE0000430,CR_178_20201002.pdf
431,178,2021-01-09,FILE0000431,CR_178_20210109.pdf
432,179,2020-10-21,FILE0000432,CR_179_20201021.pdf
433,180,2023-09-09,FILE0000433,CR_180_20230909.pdf
434,180,2023-12-25,FILE0000434,CR_180_20231225.pdf
435,180,2024-03-27,FILE0000435,CR_180_20240327.pdf
436,180,2024-07-26,FILE0000436,CR_180_20240726.pdf
437,181,2022-07-22,FILE0000437,CR_181_20220722.pdf
438,181,2023-01-28,FILE0000438,CR_181_20230128.pdf
439,181,2023-07-15,FILE0000439,CR_181_20230715.pdf
440,181,2023-12-05,FILE0000440,CR_181_20231205.pdf
441,182,2023-06-30,FILE0000441,CR_182_20230630.pdf
442,182,2023-11-25,FILE0000442,CR_182_20231125.pdf
443,182,2024-05-05,FILE0000443,CR_182_20240505.pdf
444,182,2024-09-04,FILE0000444,CR_182_20240904.pdf
445,183,2022-02-26,FILE0000445,CR_183_20220226.pdf
446,183,2022-06-24,FILE0000446,CR_183_20220624.pdf
447,183,2022-10-10,FILE0000447,CR_183_20221010.pdf
448,183,2023-05-04,FILE0000448,CR_183_20230504.pdf
449,184,2023-03-29,FILE0000449,CR_184_20230329.pdf
450,185,2023-12-29,FILE0000450,CR_185_20231229.pdf
451,185,2024-05-01,FILE0000451,CR_185_20240501.pdf
452,186,2023-01-23,FILE0000452,CR_186_20230123.pdf
453,186,2023-06-08,FILE0000453,CR_186_20230608.pdf
454,186,2023-07-30,FILE0000454,CR_186_20230730.pdf
455,186,2023-11-01,FILE0000455,CR_186_20231101.pdf
456,187,2023-12-14,FILE0000456,CR_187_20231214.pdf
457,187,2024-03-27,FILE0000457,CR_187_20240327.pdf
458,187,2024-11-06,FILE0000458,CR_187_20241106.pdf
459,187,2025-03-11,FILE0000459,CR_187_20250311.pdf
460,188,2020-10-17,FILE0000460,CR_188_20201017.pdf
461,189,2022-08-10,FILE0000461,CR_189_20220810.pdf
462,189,2022-11-18,FILE0000462,CR_189_20221118.pdf
463,189,2023-06-18,FILE0000463,CR_189_20230618.pdf
464,190,2021-05-17,FILE0000464,CR_190_20210517.pdf
465,191,2023-11-01,FILE0000465,CR_191_20231101.pdf
466,192,2023-06-09,FILE0000466,CR_192_20230609.pdf
467,192,2023-12-31,FILE0000467,CR_192_20231231.pdf
468,192,2024-03-01,FILE0000468,CR_192_20240301.pdf
469,193,2022-08-18,FILE0000469,CR_193_20220818.pdf
470,194,2023-03-21,FILE0000470,CR_194_20230321.pdf
471,194,2023-07-31,FILE0000471,CR_194_20230731.pdf
472,194,2024-01-01,FILE0000472,CR_194_20240101.pdf
473,194,2024-04-29,FILE0000473,CR_194_20240429.pdf
474,195,2021-08-15,FILE0000474,CR_195_20210815.pdf
475,195,2021-11-17,FILE0000475,CR_195_20211117.pdf
476,195,2022-08-06,FILE0000476,CR_195_20220806.pdf
477,196,2023-02-28,FILE0000477,CR_196_20230228.pdf
478,196,2023-06-05,FILE0000478,CR_196_20230605.pdf
479,196,2024-02-03,FILE0000479,CR_196_20240203.pdf
480,197,2023-03-30,FILE0000480,CR_197_20230330.pdf
481,197,2023-09-09,FILE0000481,CR_197_20230909.pdf
482,197,2023-10-08,FILE0000482,CR_197_20231008.pdf
483,197,2024-09-02,FILE0000483,CR_197_20240902.pdf
484,198,2023-07-02,FILE0000484,CR_198_20230702.pdf
485,198,2023-11-05,FILE0000485,CR_198_20231105.pdf
486,198,2024-05-01,FILE0000486,CR_198_20240501.pdf
487,199,2020-09-16,FILE0000487,CR_199_20200916.pdf
488,200,2021-07-23,FILE0000488,CR_200_20210723.pdf
489,201,2023-06-15,FILE0000489,CR_201_20230615.pdf
490,201,2023-10-18,FILE0000490,CR_201_20231018.pdf
491,202,2020-01-30,FILE0000491,CR_202_20200130.pdf
492,202,2020-05-13,FILE0000492,CR_202_20200513.pdf
493,202,2020-12-29,FILE0000493,CR_202_20201229.pdf
494,203,2023-04-26,FILE0000494,CR_203_20230426.pdf
495,203,2023-08-13,FILE0000495,CR_203_20230813.pdf
496,204,2022-01-27,FILE0000496,CR_204_20220127.pdf
497,204,2022-05-19,FILE0000497,CR_204_20220519.pdf
498,204,2022-09-30,FILE0000498,CR_204_20220930.pdf
499,204,2023-08-20,FILE0000499,CR_204_20230820.pdf
500,205,2022-09-20,FILE0000500,CR_205_20220920.pdf
501,205,2023-03-31,FILE0000501,CR_205_20230331.pdf
502,206,2021-12-03,FILE0000502,CR_206_20211203.pdf
503,207,2023-05-04,FILE0000503,CR_207_20230504.pdf
504,207,2023-11-15,FILE0000504,CR_207_20231115.pdf
505,208,2022-10-12,FILE0000505,CR_208_20221012.pdf
506,208,2023-03-03,FILE0000506,CR_208_20230303.pdf
507,209,2021-05-02,FILE0000507,CR_209_20210502.pdf
508,209,2021-09-25,FILE0000508,CR_209_20210925.pdf
509,209,2022-05-01,FILE0000509,CR_209_20220501.pdf
510,209,2022-09-27,FILE0000510,CR_209_20220927.pdf
511,210,2021-03-07,FILE0000511,CR_210_20210307.pdf
512,210,2021-09-06,FILE0000512,CR_210_20210906.pdf
513,211,2020-04-21,FILE0000513,CR_211_20200421.pdf
514,211,2020-08-22,FILE0000514,CR_211_20200822.pdf
515,211,2021-04-28,FILE0000515,CR_211_20210428.pdf
516,212,2020-04-17,FILE0000516,CR_212_20200417.pdf
517,213,2022-03-27,FILE0000517,CR_213_20220327.pdf
518,213,2022-08-02,FILE0000518,CR_213_20220802.pdf
519,213,2023-01-21,FILE0000519,CR_213_20230121.pdf
520,213,2023-10-03,FILE0000520,CR_213_20231003.pdf
521,214,2022-02-16,FILE0000521,CR_214_20220216.pdf
522,214,2022-08-15,FILE0000522,CR_214_20220815.pdf
523,215,2022-08-29,FILE0000523,CR_215_20220829.pdf
524,215,2022-12-15,FILE0000524,CR_215_20221215.pdf
525,215,2023-07-09,FILE0000525,CR_215_20230709.pdf
526,215,2024-04-23,FILE0000526,CR_215_20240423.pdf
527,216,2020-01-25,FILE0000527,CR_216_20200125.pdf
528,216,2020-08-20,FILE0000528,CR_216_20200820.pdf
529,216,2021-02-12,FILE0000529,CR_216_20210212.pdf
530,216,2021-04-10,FILE0000530,CR_216_20210410.pdf
531,217,2023-10-21,FILE0000531,CR_217_20231021.pdf
532,217,2024-03-26,FILE0000532,CR_217_20240326.pdf
533,217,2024-08-01,FILE0000533,CR_217_20240801.pdf
534,217,2024-10-09,FILE0000534,CR_217_20241009.pdf
535,218,2022-12-24,FILE0000535,CR_218_20221224.pdf
536,219,2022-06-03,FILE0000536,CR_219_20220603.pdf
537,219,2022-12-27,FILE0000537,CR_219_20221227.pdf
538,219,2023-05-15,FILE0000538,CR_219_20230515.pdf
539,220,2021-11-17,FILE0000539,CR_220_20211117.pdf
540,220,2022-03-21,FILE0000540,CR_220_20220321.pdf
541,220,2022-12-06,FILE0000541,CR_220_20221206.pdf
542,221,2021-06-06,FILE0000542,CR_221_20210606.pdf
543,222,2022-08-02,FILE0000543,CR_222_20220802.pdf
544,222,2023-01-25,FILE0000544,CR_222_20230125.pdf
545,222,2023-07-28,FILE0000545,CR_222_20230728.pdf
546,222,2023-08-07,FILE0000546,CR_222_20230807.pdf
547,223,2022-11-30,FILE0000547,CR_223_20221130.pdf
548,223,2023-05-25,FILE0000548,CR_223_20230525.pdf
549,224,2021-10-03,FILE0000549,CR_224_20211003.pdf
550,224,2022-01-02,FILE0000550,CR_224_20220102.pdf
551,225,2020-05-19,FILE0000551,CR_225_20200519.pdf
552,226,2020-07-19,FILE0000552,CR_226_20200719.pdf
553,226,2020-10-30,FILE0000553,CR_226_20201030.pdf
554,226,2021-07-08,FILE0000554,CR_226_20210708.pdf
555,226,2021-10-03,FILE0000555,CR_226_20211003.pdf
556,227,2021-03-25,FILE0000556,CR_227_20210325.pdf
557,227,2021-07-29,FILE0000557,CR_227_20210729.pdf
558,227,2021-11-24,FILE0000558,CR_227_20211124.pdf
559,228,2020-03-10,FILE0000559,CR_228_20200310.pdf
560,228,2020-08-26,FILE0000560,CR_228_20200826.pdf
561,229,2020-04-26,FILE0000561,CR_229_20200426.pdf
562,230,2023-05-12,FILE0000562,CR_230_20230512.pdf
563,230,2023-08-25,FILE0000563,CR_230_20230825.pdf
564,231,2020-06-25,FILE0000564,CR_231_20200625.pdf
565,232,2022-02-08,FILE0000565,CR_232_20220208.pdf
566,232,2022-08-14,FILE0000566,CR_232_20220814.pdf
567,233,2020-08-15,FILE0000567,CR_233_20200815.pdf
568,233,2020-12-06,FILE0000568,CR_233_20201206.pdf
569,234,2021-08-26,FILE0000569,CR_234_20210826.pdf
570,234,2022-02-16,FILE0000570,CR_234_20220216.pdf
571,234,2022-10-18,FILE0000571,CR_234_20221018.pdf
572,235,2023-08-01,FILE0000572,CR_235_20230801.pdf
573,236,2022-05-24,FILE0000573,CR_236_20220524.pdf
574,236,2022-12-15,FILE0000574,CR_236_20221215.pdf
575,236,2023-05-09,FILE0000575,CR_236_20230509.pdf
576,237,2021-06-11,FILE0000576,CR_237_20210611.pdf
577,237,2021-12-17,FILE0000577,CR_237_20211217.pdf
578,237,2021-12-26,FILE0000578,CR_237_20211226.pdf
579,238,2020-05-07,FILE0000579,CR_238_20200507.pdf
580,238,2020-09-23,FILE0000580,CR_238_20200923.pdf
581,238,2021-01-26,FILE0000581,CR_238_20210126.pdf
582,239,2021-06-12,FILE0000582,CR_239_20210612.pdf
583,240,2020-12-30,FILE0000583,CR_240_20201230.pdf
584,240,2021-04-07,FILE0000584,CR_240_20210407.pdf
585,240,2021-10-30,FILE0000585,CR_240_20211030.pdf
586,241,2023-06-03,FILE0000586,CR_241_20230603.pdf
587,241,2023-09-23,FILE0000587,CR_241_20230923.pdf
588,242,2020-08-10,FILE0000588,CR_242_20200810.pdf
589,242,2021-01-16,FILE0000589,CR_242_20210116.pdf
590,242,2021-08-21,FILE0000590,CR_242_20210821.pdf
591,242,2021-10-19,FILE0000591,CR_242_20211019.pdf
592,243,2023-06-11,FILE0000592,CR_243_20230611.pdf
593,243,2023-09-22,FILE0000593,CR_243_20230922.pdf
594,244,2021-06-14,FILE0000594,CR_244_20210614.pdf
595,244,2021-09-16,FILE0000595,CR_244_20210916.pdf
596,244,2021-12-29,FILE0000596,CR_244_20211229.pdf
597,244,2022-04-07,FILE0000597,CR_244_20220407.pdf
598,245,2022-07-02,FILE0000598,CR_245_20220702.pdf
599,245,2023-01-22,FILE0000599,CR_245_20230122.pdf
600,245,2023-05-04,FILE0000600,CR_245_20230504.pdf
601,246,2023-08-30,FILE0000601,CR_246_20230830.pdf
602,246,2023-11-28,FILE0000602,CR_246_20231128.pdf
603,247,2023-09-23,FILE0000603,CR_247_20230923.pdf
604,248,2020-11-06,FILE0000604,CR_248_20201106.pdf
605,248,2021-03-18,FILE0000605,CR_248_20210318.pdf
606,248,2021-12-21,FILE0000606,CR_248_20211221.pdf
607,249,2023-03-22,FILE0000607,CR_249_20230322.pdf
608,249,2023-08-24,FILE0000608,CR_249_20230824.pdf
609,249,2024-03-16,FILE0000609,CR_249_20240316.pdf
610,249,2024-12-11,FILE0000610,CR_249_20241211.pdf
611,250,2022-09-06,FILE0000611,CR_250_20220906.pdf
612,250,2023-01-25,FILE0000612,CR_250_20230125.pdf
613,250,2023-10-07,FILE0000613,CR_250_20231007.pdf
614,250,2024-03-08,FILE0000614,CR_250_20240308.pdf
615,251,2023-01-11,FILE0000615,CR_251_20230111.pdf
616,252,2022-02-26,FILE0000616,CR_252_20220226.pdf
617,253,2020-09-05,FILE0000617,CR_253_20200905.pdf
618,253,2021-02-10,FILE0000618,CR_253_20210210.pdf
619,253,2021-10-15,FILE0000619,CR_253_20211015.pdf
620,253,2021-10-28,FILE0000620,CR_253_20211028.pdf
621,254,2023-10-28,FILE0000621,CR_254_20231028.pdf
622,254,2024-03-17,FILE0000622,CR_254_20240317.pdf
623,254,2024-05-09,FILE0000623,CR_254_20240509.pdf
624,255,2022-01-18,FILE0000624,CR_255_20220118.pdf
625,256,2020-06-13,FILE0000625,CR_256_20200613.pdf
626,256,2020-11-08,FILE0000626,CR_256_20201108.pdf
627,256,2021-06-22,FILE0000627,CR_256_20210622.pdf
628,257,2023-08-19,FILE0000628,CR_257_20230819.pdf
629,257,2023-12-09,FILE0000629,CR_257_20231209.pdf
630,257,2024-07-04,FILE0000630,CR_257_20240704.pdf
631,258,2022-02-25,FILE0000631,CR_258_20220225.pdf
632,259,2021-09-04,FILE0000632,CR_259_20210904.pdf
633,259,2022-01-21,FILE0000633,CR_259_20220121.pdf
634,260,2023-07-15,FILE0000634,CR_260_20230715.pdf
635,261,2022-09-23,FILE0000635,CR_261_20220923.pdf
636,261,2023-04-14,FILE0000636,CR_261_20230414.pdf
637,261,2023-08-29,FILE0000637,CR_261_20230829.pdf
638,262,2021-01-23,FILE0000638,CR_262_20210123.pdf
639,262,2021-04-27,FILE0000639,CR_262_20210427.pdf
640,262,2021-09-08,FILE0000640,CR_262_20210908.pdf
641,262,2021-10-29,FILE0000641,CR_262_20211029.pdf
642,263,2022-09-28,FILE0000642,CR_263_20220928.pdf
643,263,2023-01-04,FILE0000643,CR_263_20230104.pdf
644,264,2022-10-20,FILE0000644,CR_264_20221020.pdf
645,264,2023-05-04,FILE0000645,CR_264_20230504.pdf
646,264,2023-11-10,FILE0000646,CR_264_20231110.pdf
647,265,2020-02-03,FILE0000647,CR_265_20200203.pdf
648,265,2020-06-15,FILE0000648,CR_265_20200615.pdf
649,265,2020-08-15,FILE0000649,CR_265_20200815.pdf
650,265,2021-03-08,FILE0000650,CR_265_20210308.pdf
651,266,2022-04-10,FILE0000651,CR_266_20220410.pdf
652,267,2023-09-01,FILE0000652,CR_267_20230901.pdf
653,267,2024-02-04,FILE0000653,CR_267_20240204.pdf
654,268,2023-10-20,FILE0000654,CR_268_20231020.pdf
655,268,2024-05-08,FILE0000655,CR_268_20240508.pdf
656,268,2024-08-31,FILE0000656,CR_268_20240831.pdf
657,268,2024-09-11,FILE0000657,CR_268_20240911.pdf
658,269,2020-05-27,FILE0000658,CR_269_20200527.pdf
659,269,2020-11-27,FILE0000659,CR_269_20201127.pdf
660,270,2022-09-28,FILE0000660,CR_270_20220928.pdf
661,270,2022-12-29,FILE0000661,CR_270_20221229.pdf
662,271,2023-06-20,FILE0000662,CR_271_20230620.pdf
663,271,2023-10-19,FILE0000663,CR_271_20231019.pdf
664,271,2024-06-12,FILE0000664,CR_271_20240612.pdf
665,271,2024-11-20,FILE0000665,CR_271_20241120.pdf
666,272,2020-01-30,FILE0000666,CR_272_20200130.pdf
667,272,2020-07-18,FILE0000667,CR_272_20200718.pdf
668,273,2021-09-21,FILE0000668,CR_273_20210921.pdf
669,274,2022-07-23,FILE0000669,CR_274_20220723.pdf
670,275,2023-04-25,FILE0000670,CR_275_20230425.pdf
671,275,2023-11-05,FILE0000671,CR_275_20231105.pdf
672,276,2020-08-21,FILE0000672,CR_276_20200821.pdf
673,277,2020-05-09,FILE0000673,CR_277_20200509.pdf
674,277,2020-09-01,FILE0000674,CR_277_20200901.pdf
675,278,2021-11-21,FILE0000675,CR_278_20211121.pdf
676,278,2022-06-05,FILE0000676,CR_278_20220605.pdf
677,278,2022-11-24,FILE0000677,CR_278_20221124.pdf
678,278,2023-05-03,FILE0000678,CR_278_20230503.pdf
679,279,2021-10-26,FILE0000679,CR_279_20211026.pdf
680,279,2022-04-21,FILE0000680,CR_279_20220421.pdf
681,279,2022-09-17,FILE0000681,CR_279_20220917.pdf
682,279,2023-02-15,FILE0000682,CR_279_20230215.pdf
683,280,2021-10-20,FILE0000683,CR_280_20211020.pdf
684,280,2022-04-29,FILE0000684,CR_280_20220429.pdf
685,281,2020-04-03,FILE0000685,CR_281_20200403.pdf
686,281,2020-07-24,FILE0000686,CR_281_20200724.pdf
687,282,2020-05-09,FILE0000687,CR_282_20200509.pdf
688,282,2020-09-11,FILE0000688,CR_282_20200911.pdf
689,282,2020-12-11,FILE0000689,CR_282_20201211.pdf
690,283,2020-12-10,FILE0000690,CR_283_20201210.pdf
691,283,2021-04-26,FILE0000691,CR_283_20210426.pdf
692,283,2021-10-26,FILE0000692,CR_283_20211026.pdf
693,283,2021-11-08,FILE0000693,CR_283_20211108.pdf
694,284,2021-05-13,FILE0000694,CR_284_20210513.pdf
695,284,2021-10-24,FILE0000695,CR_284_20211024.pdf
696,284,2021-11-19,FILE0000696,CR_284_20211119.pdf
697,284,2022-03-30,FILE0000697,CR_284_20220330.pdf
698,285,2023-07-18,FILE0000698,CR_285_20230718.pdf
699,286,2020-11-19,FILE0000699,CR_286_20201119.pdf
700,286,2021-06-09,FILE0000700,CR_286_20210609.pdf
701,286,2021-09-15,FILE0000701,CR_286_20210915.pdf
702,286,2021-09-19,FILE0000702,CR_286_20210919.pdf
703,287,2020-01-15,FILE0000703,CR_287_20200115.pdf
704,288,2023-12-18,FILE0000704,CR_288_20231218.pdf
705,289,2022-05-02,FILE0000705,CR_289_20220502.pdf
706,289,2022-11-11,FILE0000706,CR_289_20221111.pdf
707,289,2023-05-19,FILE0000707,CR_289_20230519.pdf
708,290,2023-11-18,FILE0000708,CR_290_20231118.pdf
709,290,2024-03-13,FILE0000709,CR_290_20240313.pdf
710,290,2024-06-21,FILE0000710,CR_290_20240621.pdf
711,290,2025-04-14,FILE0000711,CR_290_20250414.pdf
712,291,2022-12-07,FILE0000712,CR_291_20221207.pdf
713,291,2023-04-28,FILE0000713,CR_291_20230428.pdf
714,291,2023-08-04,FILE0000714,CR_291_20230804.pdf
715,292,2023-06-04,FILE0000715,CR_292_20230604.pdf
716,292,2023-09-06,FILE0000716,CR_292_20230906.pdf
717,293,2022-10-20,FILE0000717,CR_293_20221020.pdf
718,293,2023-01-29,FILE0000718,CR_293_20230129.pdf
719,294,2021-12-13,FILE0000719,CR_294_20211213.pdf
720,294,2022-03-13,FILE0000720,CR_294_20220313.pdf
721,294,2022-10-31,FILE0000721,CR_294_20221031.pdf
722,295,2021-01-28,FILE0000722,CR_295_20210128.pdf
723,295,2021-07-04,FILE0000723,CR_295_20210704.pdf
724,296,2023-06-21,FILE0000724,CR_296_20230621.pdf
725,297,2022-08-08,FILE0000725,CR_297_20220808.pdf
726,297,2023-01-25,FILE0000726,CR_297_20230125.pdf
727,298,2021-07-20,FILE0000727,CR_298_20210720.pdf
728,298,2021-11-11,FILE0000728,CR_298_20211111.pdf
729,299,2020-11-01,FILE0000729,CR_299_20201101.pdf
730,300,2022-10-15,FILE0000730,CR_300_20221015.pdf
731,300,2023-02-02,FILE0000731,CR_300_20230202.pdf
732,300,2023-09-30,FILE0000732,CR_300_20230930.pdf
733,300,2024-06-30,FILE0000733,CR_300_20240630.pdf
734,301,2020-04-20,FILE0000734,CR_301_20200420.pdf
735,302,2021-08-06,FILE0000735,CR_302_20210806.pdf
736,302,2021-12-29,FILE0000736,CR_302_20211229.pdf
737,302,2022-04-07,FILE0000737,CR_302_20220407.pdf
738,303,2023-06-17,FILE0000738,CR_303_20230617.pdf
739,303,2024-01-06,FILE0000739,CR_303_20240106.pdf
740,303,2024-06-25,FILE0000740,CR_303_20240625.pdf
741,304,2020-03-29,FILE0000741,CR_304_20200329.pdf
742,304,2020-09-29,FILE0000742,CR_304_20200929.pdf
743,304,2020-10-07,FILE0000743,CR_304_20201007.pdf
744,304,2021-12-13,FILE0000744,CR_304_20211213.pdf
745,305,2020-11-19,FILE0000745,CR_305_20201119.pdf
746,305,2021-02-20,FILE0000746,CR_305_20210220.pdf
747,306,2022-11-20,FILE0000747,CR_306_20221120.pdf
748,306,2023-02-27,FILE0000748,CR_306_20230227.pdf
749,306,2023-11-15,FILE0000749,CR_306_20231115.pdf
750,306,2024-01-02,FILE0000750,CR_306_20240102.pdf
751,307,2023-04-28,FILE0000751,CR_307_20230428.pdf
752,307,2023-09-06,FILE0000752,CR_307_20230906.pdf
753,307,2024-02-08,FILE0000753,CR_307_20240208.pdf
754,307,2024-04-07,FILE0000754,CR_307_20240407.pdf
755,308,2021-04-16,FILE0000755,CR_308_20210416.pdf
756,308,2021-07-29,FILE0000756,CR_308_20210729.pdf
757,308,2022-01-03,FILE0000757,CR_308_20220103.pdf
758,309,2020-07-19,FILE0000758,CR_309_20200719.pdf
759,309,2021-01-19,FILE0000759,CR_309_20210119.pdf
760,310,2021-02-13,FILE0000760,CR_310_20210213.pdf
761,310,2021-09-05,FILE0000761,CR_310_20210905.pdf
762,310,2021-10-07,FILE0000762,CR_310_20211007.pdf
763,310,2021-12-07,FILE0000763,CR_310_20211207.pdf
764,311,2023-04-13,FILE0000764,CR_311_20230413.pdf
765,311,2023-07-18,FILE0000765,CR_311_20230718.pdf
766,311,2024-05-23,FILE0000766,CR_311_20240523.pdf
767,311,2024-06-21,FILE0000767,CR_311_20240621.pdf
768,312,2021-03-18,FILE0000768,CR_312_20210318.pdf
769,312,2021-09-02,FILE0000769,CR_312_20210902.pdf
770,313,2020-12-30,FILE0000770,CR_313_20201230.pdf
771,313,2021-05-16,FILE0000771,CR_313_20210516.pdf
772,313,2021-08-01,FILE0000772,CR_313_20210801.pdf
773,313,2022-03-19,FILE0000773,CR_313_20220319.pdf
774,314,2023-07-18,FILE0000774,CR_314_20230718.pdf
775,314,2023-11-19,FILE0000775,CR_314_20231119.pdf
776,315,2021-11-18,FILE0000776,CR_315_20211118.pdf
777,315,2022-02-20,FILE0000777,CR_315_20220220.pdf
778,316,2021-07-28,FILE0000778,CR_316_20210728.pdf
779,317,2022-08-11,FILE0000779,CR_317_20220811.pdf
780,318,2020-12-16,FILE0000780,CR_318_20201216.pdf
781,318,2021-04-28,FILE0000781,CR_318_20210428.pdf
782,318,2021-08-09,FILE0000782,CR_318_20210809.pdf
783,318,2022-08-17,FILE0000783,CR_318_20220817.pdf
784,319,2023-05-21,FILE0000784,CR_319_20230521.pdf
785,319,2023-11-28,FILE0000785,CR_319_20231128.pdf
786,319,2024-06-06,FILE0000786,CR_319_20240606.pdf
787,320,2023-03-29,FILE0000787,CR_320_20230329.pdf
788,320,2023-10-14,FILE0000788,CR_320_20231014.pdf
789,321,2020-06-26,FILE0000789,CR_321_20200626.pdf
790,321,2021-01-11,FILE0000790,CR_321_20210111.pdf
791,322,2021-03-19,FILE0000791,CR_322_20210319.pdf
792,322,2021-08-16,FILE0000792,CR_322_20210816.pdf
793,322,2022-04-17,FILE0000793,CR_322_20220417.pdf
794,322,2022-06-09,FILE0000794,CR_322_20220609.pdf
795,323,2020-01-30,FILE0000795,CR_323_20200130.pdf
796,323,2020-06-22,FILE0000796,CR_323_20200622.pdf
797,323,2021-02-01,FILE0000797,CR_323_20210201.pdf
798,324,2021-05-22,FILE0000798,CR_324_20210522.pdf
799,324,2021-10-14,FILE0000799,CR_324_20211014.pdf
800,325,2023-04-26,FILE0000800,CR_325_20230426.pdf
801,325,2023-11-18,FILE0000801,CR_325_20231118.pdf
802,326,2022-05-05,FILE0000802,CR_326_20220505.pdf
803,327,2022-08-21,FILE0000803,CR_327_20220821.pdf
804,328,2022-05-21,FILE0000804,CR_328_20220521.pdf
805,329,2022-09-08,FILE0000805,CR_329_20220908.pdf
806,329,2023-03-19,FILE0000806,CR_329_20230319.pdf
807,329,2023-09-01,FILE0000807,CR_329_20230901.pdf
808,329,2024-04-15,FILE0000808,CR_329_20240415.pdf
809,330,2022-07-15,FILE0000809,CR_330_20220715.pdf
810,331,2020-06-19,FILE0000810,CR_331_20200619.pdf
811,331,2020-12-22,FILE0000811,CR_331_20201222.pdf
812,332,2023-11-20,FILE0000812,CR_332_20231120.pdf
813,333,2021-03-22,FILE0000813,CR_333_20210322.pdf
814,333,2021-08-04,FILE0000814,CR_333_20210804.pdf
815,333,2021-12-01,FILE0000815,CR_333_20211201.pdf
816,333,2022-03-17,FILE0000816,CR_333_20220317.pdf
817,334,2020-02-02,FILE0000817,CR_334_20200202.pdf
818,335,2020-11-27,FILE0000818,CR_335_20201127.pdf
819,335,2021-04-24,FILE0000819,CR_335_20210424.pdf
820,335,2021-12-30,FILE0000820,CR_335_20211230.pdf
821,336,2022-07-20,FILE0000821,CR_336_20220720.pdf
822,337,2023-12-11,FILE0000822,CR_337_20231211.pdf
823,337,2024-04-02,FILE0000823,CR_337_20240402.pdf
824,338,2023-07-07,FILE0000824,CR_338_20230707.pdf
825,338,2024-01-03,FILE0000825,CR_338_20240103.pdf
826,338,2024-06-13,FILE0000826,CR_338_20240613.pdf
827,339,2023-07-08,FILE0000827,CR_339_20230708.pdf
828,340,2023-11-15,FILE0000828,CR_340_20231115.pdf
829,340,2024-04-20,FILE0000829,CR_340_20240420.pdf
830,340,2024-05-21,FILE0000830,CR_340_20240521.pdf
831,340,2024-11-30,FILE0000831,CR_340_20241130.pdf
832,341,2021-07-06,FILE0000832,CR_341_20210706.pdf
833,341,2021-12-21,FILE0000833,CR_341_20211221.pdf
834,341,2022-05-20,FILE0000834,CR_341_20220520.pdf
835,341,2022-11-07,FILE0000835,CR_341_20221107.pdf
836,342,2023-11-03,FILE0000836,CR_342_20231103.pdf
837,342,2024-04-20,FILE0000837,CR_342_20240420.pdf
838,343,2020-04-22,FILE0000838,CR_343_20200422.pdf
839,343,2020-11-14,FILE0000839,CR_343_20201114.pdf
840,343,2021-04-09,FILE0000840,CR_343_20210409.pdf
841,344,2020-04-15,FILE0000841,CR_344_20200415.pdf
842,344,2020-09-01,FILE0000842,CR_344_20200901.pdf
843,344,2021-01-12,FILE0000843,CR_344_20210112.pdf
844,345,2023-06-21,FILE0000844,CR_345_20230621.pdf
845,345,2023-11-04,FILE0000845,CR_345_20231104.pdf
846,345,2024-03-19,FILE0000846,CR_345_20240319.pdf
847,345,2024-05-22,FILE0000847,CR_345_20240522.pdf
848,346,2023-02-22,FILE0000848,CR_346_20230222.pdf
849,347,2020-10-10,FILE0000849,CR_347_20201010.pdf
850,347,2021-02-07,FILE0000850,CR_347_20210207.pdf
851,348,2023-08-22,FILE0000851,CR_348_20230822.pdf
852,349,2021-04-06,FILE0000852,CR_349_20210406.pdf
853,349,2021-08-19,FILE0000853,CR_349_20210819.pdf
854,350,2022-10-28,FILE0000854,CR_350_20221028.pdf
855,350,2023-03-21,FILE0000855,CR_350_20230321.pdf
856,350,2023-07-05,FILE0000856,CR_350_20230705.pdf
857,351,2020-05-09,FILE0000857,CR_351_20200509.pdf
858,352,2022-07-15,FILE0000858,CR_352_20220715.pdf
859,352,2022-12-16,FILE0000859,CR_352_20221216.pdf
860,352,2023-05-25,FILE0000860,CR_352_20230525.pdf
861,353,2022-08-20,FILE0000861,CR_353_20220820.pdf
862,354,2022-07-14,FILE0000862,CR_354_20220714.pdf
863,354,2022-11-28,FILE0000863,CR_354_20221128.pdf
864,354,2023-08-02,FILE0000864,CR_354_20230802.pdf
865,355,2021-01-20,FILE0000865,CR_355_20210120.pdf
866,356,2020-06-27,FILE0000866,CR_356_20200627.pdf
867,356,2020-11-14,FILE0000867,CR_356_20201114.pdf
868,356,2021-05-29,FILE0000868,CR_356_20210529.pdf
869,356,2021-08-09,FILE0000869,CR_356_20210809.pdf
870,357,2020-06-06,FILE0000870,CR_357_20200606.pdf
871,357,2020-09-25,FILE0000871,CR_357_20200925.pdf
872,357,2021-02-11,FILE0000872,CR_357_20210211.pdf
873,358,2023-11-28,FILE0000873,CR_358_20231128.pdf
874,359,2020-11-04,FILE0000874,CR_359_20201104.pdf
875,359,2021-02-28,FILE0000875,CR_359_20210228.pdf
876,359,2021-09-12,FILE0000876,CR_359_20210912.pdf
877,359,2022-03-29,FILE0000877,CR_359_20220329.pdf
878,360,2021-08-23,FILE0000878,CR_360_20210823.pdf
879,361,2022-08-28,FILE0000879,CR_361_20220828.pdf
880,361,2023-01-18,FILE0000880,CR_361_20230118.pdf
881,362,2023-08-13,FILE0000881,CR_362_20230813.pdf
882,362,2023-12-18,FILE0000882,CR_362_20231218.pdf
883,362,2024-03-28,FILE0000883,CR_362_20240328.pdf
884,362,2024-06-02,FILE0000884,CR_362_20240602.pdf
885,363,2021-04-20,FILE0000885,CR_363_20210420.pdf
886,364,2022-04-23,FILE0000886,CR_364_20220423.pdf
887,364,2022-09-03,FILE0000887,CR_364_20220903.pdf
888,364,2023-04-04,FILE0000888,CR_364_20230404.pdf
889,365,2022-09-22,FILE0000889,CR_365_20220922.pdf
890,365,2023-03-16,FILE0000890,CR_365_20230316.pdf
891,365,2023-09-15,FILE0000891,CR_365_20230915.pdf
892,366,2022-07-26,FILE0000892,CR_366_20220726.pdf
893,366,2023-01-04,FILE0000893,CR_366_20230104.pdf
894,366,2023-02-23,FILE0000894,CR_366_20230223.pdf
895,366,2024-03-29,FILE0000895,CR_366_20240329.pdf
896,367,2020-12-17,FILE0000896,CR_367_20201217.pdf
897,367,2021-04-19,FILE0000897,CR_367_20210419.pdf
898,367,2021-08-12,FILE0000898,CR_367_20210812.pdf
899,368,2022-01-31,FILE0000899,CR_368_20220131.pdf
900,368,2022-08-07,FILE0000900,CR_368_20220807.pdf
901,368,2022-11-15,FILE0000901,CR_368_20221115.pdf
902,368,2023-03-03,FILE0000902,CR_368_20230303.pdf
903,369,2021-12-24,FILE0000903,CR_369_20211224.pdf
904,369,2022-05-21,FILE0000904,CR_369_20220521.pdf
905,370,2023-06-20,FILE0000905,CR_370_20230620.pdf
906,370,2023-10-08,FILE0000906,CR_370_20231008.pdf
907,371,2021-01-08,FILE0000907,CR_371_20210108.pdf
908,371,2021-07-24,FILE0000908,CR_371_20210724.pdf
909,371,2022-01-03,FILE0000909,CR_371_20220103.pdf
910,372,2020-11-26,FILE0000910,CR_372_20201126.pdf
911,372,2021-03-10,FILE0000911,CR_372_20210310.pdf
912,373,2021-10-10,FILE0000912,CR_373_20211010.pdf
913,374,2022-06-21,FILE0000913,CR_374_20220621.pdf
914,374,2022-11-05,FILE0000914,CR_374_20221105.pdf
915,375,2021-02-24,FILE0000915,CR_375_20210224.pdf
916,375,2021-08-23,FILE0000916,CR_375_20210823.pdf
917,376,2023-09-25,FILE0000917,CR_376_20230925.pdf
918,377,2020-10-29,FILE0000918,CR_377_20201029.pdf
919,377,2021-03-25,FILE0000919,CR_377_20210325.pdf
920,377,2021-09-12,FILE0000920,CR_377_20210912.pdf
921,378,2022-12-28,FILE0000921,CR_378_20221228.pdf
922,378,2023-04-12,FILE0000922,CR_378_20230412.pdf
923,379,2022-04-08,FILE0000923,CR_379_20220408.pdf
924,380,2020-10-24,FILE0000924,CR_380_20201024.pdf
925,380,2021-05-20,FILE0000925,CR_380_20210520.pdf
926,380,2021-07-11,FILE0000926,CR_380_20210711.pdf
927,380,2021-09-16,FILE0000927,CR_380_20210916.pdf
928,381,2023-01-23,FILE0000928,CR_381_20230123.pdf
929,382,2023-08-18,FILE0000929,CR_382_20230818.pdf
930,382,2023-12-23,FILE0000930,CR_382_20231223.pdf
931,382,2024-06-13,FILE0000931,CR_382_20240613.pdf
932,383,2023-03-20,FILE0000932,CR_383_20230320.pdf
933,383,2023-07-06,FILE0000933,CR_383_20230706.pdf
934,383,2024-04-07,FILE0000934,CR_383_20240407.pdf
935,384,2021-11-24,FILE0000935,CR_384_20211124.pdf
936,384,2022-03-08,FILE0000936,CR_384_20220308.pdf
937,384,2022-11-25,FILE0000937,CR_384_20221125.pdf
938,384,2023-02-20,FILE0000938,CR_384_20230220.pdf
939,385,2020-10-12,FILE0000939,CR_385_20201012.pdf
940,386,2021-09-22,FILE0000940,CR_386_20210922.pdf
941,387,2023-06-18,FILE0000941,CR_387_20230618.pdf
942,387,2023-10-14,FILE0000942,CR_387_20231014.pdf
943,387,2024-04-07,FILE0000943,CR_387_20240407.pdf
944,387,2024-07-27,FILE0000944,CR_387_20240727.pdf
945,388,2021-10-30,FILE0000945,CR_388_20211030.pdf
946,389,2023-04-09,FILE0000946,CR_389_20230409.pdf
947,389,2023-08-05,FILE0000947,CR_389_20230805.pdf
948,390,2021-02-04,FILE0000948,CR_390_20210204.pdf
949,390,2021-05-15,FILE0000949,CR_390_20210515.pdf
950,390,2021-12-17,FILE0000950,CR_390_20211217.pdf
951,391,2023-10-18,FILE0000951,CR_391_20231018.pdf
952,391,2024-01-27,FILE0000952,CR_391_20240127.pdf
953,391,2024-08-23,FILE0000953,CR_391_20240823.pdf
954,391,2024-12-11,FILE0000954,CR_391_20241211.pdf
955,392,2022-10-01,FILE0000955,CR_392_20221001.pdf
956,392,2023-03-17,FILE0000956,CR_392_20230317.pdf
957,393,2023-09-27,FILE0000957,CR_393_20230927.pdf
958,394,2020-10-29,FILE0000958,CR_394_20201029.pdf
959,394,2021-05-16,FILE0000959,CR_394_20210516.pdf
960,394,2021-08-13,FILE0000960,CR_394_20210813.pdf
961,394,2021-12-14,FILE0000961,CR_394_20211214.pdf
962,395,2022-02-02,FILE0000962,CR_395_20220202.pdf
963,395,2022-06-08,FILE0000963,CR_395_20220608.pdf
964,395,2022-10-28,FILE0000964,CR_395_20221028.pdf
965,395,2023-03-11,FILE0000965,CR_395_20230311.pdf
966,396,2022-07-01,FILE0000966,CR_396_20220701.pdf
967,396,2022-12-09,FILE0000967,CR_396_20221209.pdf
968,396,2023-01-19,FILE0000968,CR_396_20230119.pdf
969,397,2022-06-28,FILE0000969,CR_397_20220628.pdf
970,397,2022-11-18,FILE0000970,CR_397_20221118.pdf
971,398,2021-08-14,FILE0000971,CR_398_20210814.pdf
972,398,2022-02-23,FILE0000972,CR_398_20220223.pdf
973,398,2022-08-15,FILE0000973,CR_398_20220815.pdf
974,398,2023-04-18,FILE0000974,CR_398_20230418.pdf
975,399,2022-04-28,FILE0000975,CR_399_20220428.pdf
976,399,2022-11-10,FILE0000976,CR_399_20221110.pdf
977,399,2023-03-24,FILE0000977,CR_399_20230324.pdf
978,399,2023-09-08,FILE0000978,CR_399_20230908.pdf
979,400,2020-10-21,FILE0000979,CR_400_20201021.pdf
980,401,2022-08-30,FILE0000980,CR_401_20220830.pdf
981,401,2023-02-03,FILE0000981,CR_401_20230203.pdf
982,401,2023-05-21,FILE0000982,CR_401_20230521.pdf
983,402,2023-04-24,FILE0000983,CR_402_20230424.pdf
984,403,2020-06-30,FILE0000984,CR_403_20200630.pdf
985,403,2020-11-19,FILE0000985,CR_403_20201119.pdf
986,403,2021-06-07,FILE0000986,CR_403_20210607.pdf
987,403,2022-03-13,FILE0000987,CR_403_20220313.pdf
988,404,2022-04-28,FILE0000988,CR_404_20220428.pdf
989,404,2022-10-06,FILE0000989,CR_404_20221006.pdf
990,404,2023-02-20,FILE0000990,CR_404_20230220.pdf
991,405,2021-02-12,FILE0000991,CR_405_20210212.pdf
992,405,2021-08-27,FILE0000992,CR_405_20210827.pdf
993,406,2021-08-15,FILE0000993,CR_406_20210815.pdf
994,406,2022-01-14,FILE0000994,CR_406_20220114.pdf
995,406,2022-02-21,FILE0000995,CR_406_20220221.pdf
996,406,2023-03-23,FILE0000996,CR_406_20230323.pdf
997,407,2023-04-13,FILE0000997,CR_407_20230413.pdf
998,407,2023-09-13,FILE0000998,CR_407_20230913.pdf
999,407,2024-02-29,FILE0000999,CR_407_20240229.pdf
1000,408,2021-04-04,FILE0001000,CR_408_20210404.pdf
1001,408,2021-10-01,FILE0001001,CR_408_20211001.pdf
1002,408,2021-10-12,FILE0001002,CR_408_20211012.pdf
1003,408,2022-02-25,FILE0001003,CR_408_20220225.pdf
1004,409,2021-09-06,FILE0001004,CR_409_20210906.pdf
1005,409,2022-03-21,FILE0001005,CR_409_20220321.pdf
1006,409,2022-08-14,FILE0001006,CR_409_20220814.pdf
1007,410,2020-09-11,FILE0001007,CR_410_20200911.pdf
1008,410,2021-03-05,FILE0001008,CR_410_20210305.pdf
1009,410,2021-09-24,FILE0001009,CR_410_20210924.pdf
1010,410,2021-10-24,FILE0001010,CR_410_20211024.pdf
1011,411,2021-01-02,FILE0001011,CR_411_20210102.pdf
1012,411,2021-07-27,FILE0001012,CR_411_20210727.pdf
1013,411,2021-12-24,FILE0001013,CR_411_20211224.pdf
1014,411,2022-06-02,FILE0001014,CR_411_20220602.pdf
1015,412,2020-02-28,FILE0001015,CR_412_20200228.pdf
1016,412,2020-09-02,FILE0001016,CR_412_20200902.pdf
1017,413,2022-10-06,FILE0001017,CR_413_20221006.pdf
1018,413,2023-03-21,FILE0001018,CR_413_20230321.pdf
1019,413,2023-10-11,FILE0001019,CR_413_20231011.pdf
1020,414,2023-04-05,FILE0001020,CR_414_20230405.pdf
1021,414,2023-09-14,FILE0001021,CR_414_20230914.pdf
1022,414,2024-01-20,FILE0001022,CR_414_20240120.pdf
1023,415,2023-07-10,FILE0001023,CR_415_20230710.pdf
1024,415,2023-12-07,FILE0001024,CR_415_20231207.pdf
1025,415,2024-06-30,FILE0001025,CR_415_20240630.pdf
1026,416,2022-02-03,FILE0001026,CR_416_20220203.pdf
1027,417,2021-06-15,FILE0001027,CR_417_20210615.pdf
1028,418,2020-10-26,FILE0001028,CR_418_20201026.pdf
1029,419,2023-11-20,FILE0001029,CR_419_20231120.pdf
1030,419,2024-04-03,FILE0001030,CR_419_20240403.pdf
1031,419,2024-06-27,FILE0001031,CR_419_20240627.pdf
1032,419,2024-09-03,FILE0001032,CR_419_20240903.pdf
1033,420,2022-01-09,FILE0001033,CR_420_20220109.pdf
1034,420,2022-06-29,FILE0001034,CR_420_20220629.pdf
1035,420,2023-02-25,FILE0001035,CR_420_20230225.pdf
1036,421,2020-04-09,FILE0001036,CR_421_20200409.pdf
1037,421,2020-08-14,FILE0001037,CR_421_20200814.pdf
1038,421,2021-02-17,FILE0001038,CR_421_20210217.pdf
1039,422,2022-11-18,FILE0001039,CR_422_20221118.pdf
1040,423,2020-07-12,FILE0001040,CR_423_20200712.pdf
1041,423,2021-01-14,FILE0001041,CR_423_20210114.pdf
1042,424,2023-01-18,FILE0001042,CR_424_20230118.pdf
1043,424,2023-08-07,FILE0001043,CR_424_20230807.pdf
1044,425,2023-11-03,FILE0001044,CR_425_20231103.pdf
1045,425,2024-03-10,FILE0001045,CR_425_20240310.pdf
1046,425,2024-07-08,FILE0001046,CR_425_20240708.pdf
1047,426,2020-07-15,FILE0001047,CR_426_20200715.pdf
1048,426,2020-12-26,FILE0001048,CR_426_20201226.pdf
1049,426,2021-04-11,FILE0001049,CR_426_20210411.pdf
1050,427,2020-01-27,FILE0001050,CR_427_20200127.pdf
1051,427,2020-07-01,FILE0001051,CR_427_20200701.pdf
1052,428,2022-02-02,FILE0001052,CR_428_20220202.pdf
1053,428,2022-07-04,FILE0001053,CR_428_20220704.pdf
1054,428,2022-11-13,FILE0001054,CR_428_20221113.pdf
1055,429,2020-11-29,FILE0001055,CR_429_20201129.pdf
1056,429,2021-03-26,FILE0001056,CR_429_20210326.pdf
1057,429,2021-07-05,FILE0001057,CR_429_20210705.pdf
1058,430,2021-01-20,FILE0001058,CR_430_20210120.pdf
1059,430,2021-08-12,FILE0001059,CR_430_20210812.pdf
1060,431,2022-05-04,FILE0001060,CR_431_20220504.pdf
1061,432,2020-08-26,FILE0001061,CR_432_20200826.pdf
1062,433,2020-02-05,FILE0001062,CR_433_20200205.pdf
1063,433,2020-06-18,FILE0001063,CR_433_20200618.pdf
1064,434,2023-11-16,FILE0001064,CR_434_20231116.pdf
1065,434,2024-03-02,FILE0001065,CR_434_20240302.pdf
1066,434,2024-12-08,FILE0001066,CR_434_20241208.pdf
1067,435,2023-05-08,FILE0001067,CR_435_20230508.pdf
1068,435,2023-11-11,FILE0001068,CR_435_20231111.pdf
1069,435,2024-01-29,FILE0001069,CR_435_20240129.pdf
1070,435,2024-04-08,FILE0001070,CR_435_20240408.pdf
1071,436,2020-02-28,FILE0001071,CR_436_20200228.pdf
1072,436,2020-09-09,FILE0001072,CR_436_20200909.pdf
1073,436,2020-09-25,FILE0001073,CR_436_20200925.pdf
1074,437,2020-09-20,FILE0001074,CR_437_20200920.pdf
1075,437,2021-03-17,FILE0001075,CR_437_20210317.pdf
1076,438,2023-11-10,FILE0001076,CR_438_20231110.pdf
1077,438,2024-03-18,FILE0001077,CR_438_20240318.pdf
1078,439,2021-03-05,FILE0001078,CR_439_20210305.pdf
1079,439,2021-06-13,FILE0001079,CR_439_20210613.pdf
1080,440,2023-11-15,FILE0001080,CR_440_20231115.pdf
1081,440,2024-05-23,FILE0001081,CR_440_20240523.pdf
1082,440,2024-06-10,FILE0001082,CR_440_20240610.pdf
1083,440,2024-09-07,FILE0001083,CR_440_20240907.pdf
1084,441,2022-09-18,FILE0001084,CR_441_20220918.pdf
1085,442,2020-03-28,FILE0001085,CR_442_20200328.pdf
1086,442,2020-07-09,FILE0001086,CR_442_20200709.pdf
1087,442,2020-10-02,FILE0001087,CR_442_20201002.pdf
1088,442,2021-10-22,FILE0001088,CR_442_20211022.pdf
1089,443,2022-08-18,FILE0001089,CR_443_20220818.pdf
1090,444,2020-03-29,FILE0001090,CR_444_20200329.pdf
1091,444,2020-08-04,FILE0001091,CR_444_20200804.pdf
1092,444,2021-03-14,FILE0001092,CR_444_20210314.pdf
1093,445,2020-07-16,FILE0001093,CR_445_20200716.pdf
1094,446,2023-05-17,FILE0001094,CR_446_20230517.pdf
1095,447,2021-01-13,FILE0001095,CR_447_20210113.pdf
1096,447,2021-05-27,FILE0001096,CR_447_20210527.pdf
1097,448,2020-07-04,FILE0001097,CR_448_20200704.pdf
1098,449,2023-04-02,FILE0001098,CR_449_20230402.pdf
1099,449,2023-08-15,FILE0001099,CR_449_20230815.pdf
1100,449,2023-11-08,FILE0001100,CR_449_20231108.pdf
1101,450,2022-10-31,FILE0001101,CR_450_20221031.pdf
1102,450,2023-02-06,FILE0001102,CR_450_20230206.pdf
1103,451,2023-03-30,FILE0001103,CR_451_20230330.pdf
1104,452,2022-12-19,FILE0001104,CR_452_20221219.pdf
1105,453,2021-07-31,FILE0001105,CR_453_20210731.pdf
1106,453,2022-02-21,FILE0001106,CR_453_20220221.pdf
1107,454,2020-07-21,FILE0001107,CR_454_20200721.pdf
1108,455,2022-10-29,FILE0001108,CR_455_20221029.pdf
1109,455,2023-04-27,FILE0001109,CR_455_20230427.pdf
1110,456,2022-01-20,FILE0001110,CR_456_20220120.pdf
1111,456,2022-07-04,FILE0001111,CR_456_20220704.pdf
1112,456,2022-09-03,FILE0001112,CR_456_20220903.pdf
1113,456,2023-04-03,FILE0001113,CR_456_20230403.pdf
1114,457,2021-01-05,FILE0001114,CR_457_20210105.pdf
1115,458,2022-02-16,FILE0001115,CR_458_20220216.pdf
1116,458,2022-06-13,FILE0001116,CR_458_20220613.pdf
1117,458,2022-12-23,FILE0001117,CR_458_20221223.pdf
1118,459,2022-04-14,FILE0001118,CR_459_20220414.pdf
1119,459,2022-10-18,FILE0001119,CR_459_20221018.pdf
1120,460,2020-09-10,FILE0001120,CR_460_20200910.pdf
1121,460,2020-12-23,FILE0001121,CR_460_20201223.pdf
1122,460,2021-07-19,FILE0001122,CR_460_20210719.pdf
1123,461,2022-10-12,FILE0001123,CR_461_20221012.pdf
1124,461,2023-02-25,FILE0001124,CR_461_20230225.pdf
1125,462,2023-02-15,FILE0001125,CR_462_20230215.pdf
1126,462,2023-05-21,FILE0001126,CR_462_20230521.pdf
1127,462,2023-09-03,FILE0001127,CR_462_20230903.pdf
1128,463,2022-10-08,FILE0001128,CR_463_20221008.pdf
1129,463,2023-02-24,FILE0001129,CR_463_20230224.pdf
1130,463,2023-06-17,FILE0001130,CR_463_20230617.pdf
1131,464,2023-05-14,FILE0001131,CR_464_20230514.pdf
1132,464,2023-09-20,FILE0001132,CR_464_20230920.pdf
1133,464,2024-05-02,FILE0001133,CR_464_20240502.pdf
1134,464,2024-12-25,FILE0001134,CR_464_20241225.pdf
1135,465,2021-04-07,FILE0001135,CR_465_20210407.pdf
1136,465,2021-08-27,FILE0001136,CR_465_20210827.pdf
1137,465,2021-12-17,FILE0001137,CR_465_20211217.pdf
1138,465,2022-11-25,FILE0001138,CR_465_20221125.pdf
1139,466,2021-01-21,FILE0001139,CR_466_20210121.pdf
1140,466,2021-04-29,FILE0001140,CR_466_20210429.pdf
1141,466,2022-03-05,FILE0001141,CR_466_20220305.pdf
1142,466,2022-09-04,FILE0001142,CR_466_20220904.pdf
1143,467,2023-10-22,FILE0001143,CR_467_20231022.pdf
1144,467,2024-02-11,FILE0001144,CR_467_20240211.pdf
1145,467,2024-04-21,FILE0001145,CR_467_20240421.pdf
1146,467,2025-04-02,FILE0001146,CR_467_20250402.pdf
1147,468,2023-10-08,FILE0001147,CR_468_20231008.pdf
1148,468,2024-02-25,FILE0001148,CR_468_20240225.pdf
1149,468,2024-07-26,FILE0001149,CR_468_20240726.pdf
1150,468,2025-01-18,FILE0001150,CR_468_20250118.pdf
1151,469,2020-09-01,FILE0001151,CR_469_20200901.pdf
1152,470,2022-03-31,FILE0001152,CR_470_20220331.pdf
1153,470,2022-09-12,FILE0001153,CR_470_20220912.pdf
1154,470,2022-10-23,FILE0001154,CR_470_20221023.pdf
1155,470,2023-10-04,FILE0001155,CR_470_20231004.pdf
1156,471,2020-05-12,FILE0001156,CR_471_20200512.pdf
1157,471,2020-09-04,FILE0001157,CR_471_20200904.pdf
1158,472,2021-02-14,FILE0001158,CR_472_20210214.pdf
1159,472,2021-08-31,FILE0001159,CR_472_20210831.pdf
1160,472,2021-11-23,FILE0001160,CR_472_20211123.pdf
1161,473,2021-04-21,FILE0001161,CR_473_20210421.pdf
1162,474,2022-10-19,FILE0001162,CR_474_20221019.pdf
1163,474,2023-04-24,FILE0001163,CR_474_20230424.pdf
1164,474,2023-10-16,FILE0001164,CR_474_20231016.pdf
1165,474,2024-05-05,FILE0001165,CR_474_20240505.pdf
1166,475,2023-08-11,FILE0001166,CR_475_20230811.pdf
1167,475,2023-12-30,FILE0001167,CR_475_20231230.pdf
1168,475,2024-05-07,FILE0001168,CR_475_20240507.pdf
1169,476,2023-09-27,FILE0001169,CR_476_20230927.pdf
1170,476,2024-02-15,FILE0001170,CR_476_20240215.pdf
1171,476,2024-07-27,FILE0001171,CR_476_20240727.pdf
1172,476,2025-01-04,FILE0001172,CR_476_20250104.pdf
1173,477,2020-10-28,FILE0001173,CR_477_20201028.pdf
1174,477,2021-03-25,FILE0001174,CR_477_20210325.pdf
1175,477,2021-05-22,FILE0001175,CR_477_20210522.pdf
1176,478,2021-05-28,FILE0001176,CR_478_20210528.pdf
1177,479,2021-04-17,FILE0001177,CR_479_20210417.pdf
1178,479,2021-11-13,FILE0001178,CR_479_20211113.pdf
1179,479,2021-11-17,FILE0001179,CR_479_20211117.pdf
1180,479,2022-01-21,FILE0001180,CR_479_20220121.pdf
1181,480,2020-04-18,FILE0001181,CR_480_20200418.pdf
1182,481,2022-10-17,FILE0001182,CR_481_20221017.pdf
1183,482,2021-01-01,FILE0001183,CR_482_20210101.pdf
1184,483,2020-11-08,FILE0001184,CR_483_20201108.pdf
1185,483,2021-04-26,FILE0001185,CR_483_20210426.pdf
1186,483,2021-10-12,FILE0001186,CR_483_20211012.pdf
1187,484,2020-06-05,FILE0001187,CR_484_20200605.pdf
1188,485,2022-08-12,FILE0001188,CR_485_20220812.pdf
1189,485,2022-12-17,FILE0001189,CR_485_20221217.pdf
1190,485,2023-07-26,FILE0001190,CR_485_20230726.pdf
1191,485,2023-11-14,FILE0001191,CR_485_20231114.pdf
1192,486,2022-10-30,FILE0001192,CR_486_20221030.pdf
1193,486,2023-04-07,FILE0001193,CR_486_20230407.pdf
1194,486,2023-07-23,FILE0001194,CR_486_20230723.pdf
1195,486,2024-05-31,FILE0001195,CR_486_20240531.pdf
1196,487,2020-03-05,FILE0001196,CR_487_20200305.pdf
1197,488,2022-02-24,FILE0001197,CR_488_20220224.pdf
1198,489,2022-02-09,FILE0001198,CR_489_20220209.pdf
1199,489,2022-07-07,FILE0001199,CR_489_20220707.pdf
1200,489,2022-08-16,FILE0001200,CR_489_20220816.pdf
1201,490,2020-12-28,FILE0001201,CR_490_20201228.pdf
1202,491,2023-12-17,FILE0001202,CR_491_20231217.pdf
1203,491,2024-05-17,FILE0001203,CR_491_20240517.pdf
1204,491,2024-10-02,FILE0001204,CR_491_20241002.pdf
1205,492,2021-10-01,FILE0001205,CR_492_20211001.pdf
1206,492,2022-02-17,FILE0001206,CR_492_20220217.pdf
1207,493,2020-08-12,FILE0001207,CR_493_20200812.pdf
1208,493,2021-02-04,FILE0001208,CR_493_20210204.pdf
1209,493,2021-06-12,FILE0001209,CR_493_20210612.pdf
1210,493,2022-01-16,FILE0001210,CR_493_20220116.pdf
1211,494,2022-09-01,FILE0001211,CR_494_20220901.pdf
1212,494,2023-03-19,FILE0001212,CR_494_20230319.pdf
1213,494,2023-04-09,FILE0001213,CR_494_20230409.pdf
1214,494,2023-12-07,FILE0001214,CR_494_20231207.pdf
1215,495,2022-03-12,FILE0001215,CR_495_20220312.pdf
1216,496,2023-04-25,FILE0001216,CR_496_20230425.pdf
1217,496,2023-10-10,FILE0001217,CR_496_20231010.pdf
1218,496,2024-04-11,FILE0001218,CR_496_20240411.pdf
1219,496,2024-06-03,FILE0001219,CR_496_20240603.pdf
1220,497,2021-10-18,FILE0001220,CR_497_20211018.pdf
1221,497,2022-01-19,FILE0001221,CR_497_20220119.pdf
1222,497,2022-09-13,FILE0001222,CR_497_20220913.pdf
1223,498,2020-09-19,FILE0001223,CR_498_20200919.pdf
1224,499,2021-12-15,FILE0001224,CR_499_20211215.pdf
1225,499,2022-06-17,FILE0001225,CR_499_20220617.pdf
1226,499,2022-11-08,FILE0001226,CR_499_20221108.pdf
1227,500,2023-07-04,FILE0001227,CR_500_20230704.pdf
1228,501,2020-07-18,FILE0001228,CR_501_20200718.pdf
1229,501,2020-11-29,FILE0001229,CR_501_20201129.pdf
1230,501,2021-04-14,FILE0001230,CR_501_20210414.pdf
1231,501,2021-09-17,FILE0001231,CR_501_20210917.pdf
1232,502,2020-04-25,FILE0001232,CR_502_20200425.pdf
1233,502,2020-08-24,FILE0001233,CR_502_20200824.pdf
1234,502,2020-12-23,FILE0001234,CR_502_20201223.pdf
1235,503,2023-08-20,FILE0001235,CR_503_20230820.pdf
1236,503,2024-02-01,FILE0001236,CR_503_20240201.pdf
1237,504,2023-11-10,FILE0001237,CR_504_20231110.pdf
1238,505,2020-08-22,FILE0001238,CR_505_20200822.pdf
1239,505,2020-12-11,FILE0001239,CR_505_20201211.pdf
1240,505,2021-02-22,FILE0001240,CR_505_20210222.pdf
1241,506,2020-03-17,FILE0001241,CR_506_20200317.pdf
1242,506,2020-09-07,FILE0001242,CR_506_20200907.pdf
1243,506,2021-04-21,FILE0001243,CR_506_20210421.pdf
1244,507,2023-03-09,FILE0001244,CR_507_20230309.pdf
1245,507,2023-09-30,FILE0001245,CR_507_20230930.pdf
1246,507,2023-12-20,FILE0001246,CR_507_20231220.pdf
1247,507,2024-03-15,FILE0001247,CR_507_20240315.pdf
1248,508,2023-11-26,FILE0001248,CR_508_20231126.pdf
1249,509,2021-10-10,FILE0001249,CR_509_20211010.pdf
1250,510,2021-10-22,FILE0001250,CR_510_20211022.pdf
1251,510,2022-02-01,FILE0001251,CR_510_20220201.pdf
1252,510,2022-11-12,FILE0001252,CR_510_20221112.pdf
1253,510,2023-01-21,FILE0001253,CR_510_20230121.pdf
1254,511,2023-11-15,FILE0001254,CR_511_20231115.pdf
1255,512,2021-11-19,FILE0001255,CR_512_20211119.pdf
1256,512,2022-04-22,FILE0001256,CR_512_20220422.pdf
1257,513,2020-12-07,FILE0001257,CR_513_20201207.pdf
1258,513,2021-04-14,FILE0001258,CR_513_20210414.pdf
1259,513,2021-09-05,FILE0001259,CR_513_20210905.pdf
1260,514,2021-02-17,FILE0001260,CR_514_20210217.pdf
1261,514,2021-08-07,FILE0001261,CR_514_20210807.pdf
1262,514,2022-03-20,FILE0001262,CR_514_20220320.pdf
1263,514,2022-09-10,FILE0001263,CR_514_20220910.pdf
1264,515,2023-01-02,FILE0001264,CR_515_20230102.pdf
1265,516,2021-06-27,FILE0001265,CR_516_20210627.pdf
1266,516,2021-11-02,FILE0001266,CR_516_20211102.pdf
1267,516,2022-05-19,FILE0001267,CR_516_20220519.pdf
1268,517,2021-04-07,FILE0001268,CR_517_20210407.pdf
1269,517,2021-10-09,FILE0001269,CR_517_20211009.pdf
1270,517,2021-10-26,FILE0001270,CR_517_20211026.pdf
1271,517,2022-10-02,FILE0001271,CR_517_20221002.pdf
1272,518,2023-04-27,FILE0001272,CR_518_20230427.pdf
1273,519,2020-05-17,FILE0001273,CR_519_20200517.pdf
1274,519,2020-11-25,FILE0001274,CR_519_20201125.pdf
1275,519,2021-03-27,FILE0001275,CR_519_20210327.pdf
1276,520,2022-05-24,FILE0001276,CR_520_20220524.pdf
1277,520,2022-10-05,FILE0001277,CR_520_20221005.pdf
1278,520,2023-03-17,FILE0001278,CR_520_20230317.pdf
1279,520,2023-06-10,FILE0001279,CR_520_20230610.pdf
1280,521,2022-10-30,FILE0001280,CR_521_20221030.pdf
1281,521,2023-03-07,FILE0001281,CR_521_20230307.pdf
1282,521,2023-08-16,FILE0001282,CR_521_20230816.pdf
1283,522,2021-02-13,FILE0001283,CR_522_20210213.pdf
1284,522,2021-07-04,FILE0001284,CR_522_20210704.pdf
1285,522,2021-10-15,FILE0001285,CR_522_20211015.pdf
1286,523,2023-10-07,FILE0001286,CR_523_20231007.pdf
1287,523,2024-03-15,FILE0001287,CR_523_20240315.pdf
1288,523,2024-05-20,FILE0001288,CR_523_20240520.pdf
1289,523,2025-06-04,FILE0001289,CR_523_20250604.pdf
1290,524,2023-07-09,FILE0001290,CR_524_20230709.pdf
1291,525,2023-03-27,FILE0001291,CR_525_20230327.pdf
1292,525,2023-07-22,FILE0001292,CR_525_20230722.pdf
1293,526,2021-07-02,FILE0001293,CR_526_20210702.pdf
1294,526,2021-12-20,FILE0001294,CR_526_20211220.pdf
1295,526,2022-05-14,FILE0001295,CR_526_20220514.pdf
1296,526,2023-02-01,FILE0001296,CR_526_20230201.pdf
1297,527,2023-03-05,FILE0001297,CR_527_20230305.pdf
1298,527,2023-08-22,FILE0001298,CR_527_20230822.pdf
1299,527,2023-09-15,FILE0001299,CR_527_20230915.pdf
1300,527,2024-06-15,FILE0001300,CR_527_20240615.pdf
1301,528,2022-01-16,FILE0001301,CR_528_20220116.pdf
1302,528,2022-05-04,FILE0001302,CR_528_20220504.pdf
1303,529,2020-11-04,FILE0001303,CR_529_20201104.pdf
1304,529,2021-04-30,FILE0001304,CR_529_20210430.pdf
1305,530,2022-06-10,FILE0001305,CR_530_20220610.pdf
1306,530,2022-10-18,FILE0001306,CR_530_20221018.pdf
1307,530,2023-07-15,FILE0001307,CR_530_20230715.pdf
1308,531,2023-07-22,FILE0001308,CR_531_20230722.pdf
1309,532,2021-06-30,FILE0001309,CR_532_20210630.pdf
1310,532,2021-11-03,FILE0001310,CR_532_20211103.pdf
1311,532,2022-05-26,FILE0001311,CR_532_20220526.pdf
1312,532,2022-06-09,FILE0001312,CR_532_20220609.pdf
1313,533,2023-11-07,FILE0001313,CR_533_20231107.pdf
1314,533,2024-03-06,FILE0001314,CR_533_20240306.pdf
1315,533,2024-08-15,FILE0001315,CR_533_20240815.pdf
1316,534,2020-08-20,FILE0001316,CR_534_20200820.pdf
1317,534,2020-12-12,FILE0001317,CR_534_20201212.pdf
1318,535,2021-05-17,FILE0001318,CR_535_20210517.pdf
1319,536,2022-08-08,FILE0001319,CR_536_20220808.pdf
1320,536,2023-01-16,FILE0001320,CR_536_20230116.pdf
1321,536,2023-05-25,FILE0001321,CR_536_20230525.pdf
1322,537,2023-08-17,FILE0001322,CR_537_20230817.pdf
1323,537,2023-11-19,FILE0001323,CR_537_20231119.pdf
1324,537,2024-04-03,FILE0001324,CR_537_20240403.pdf
1325,537,2024-07-12,FILE0001325,CR_537_20240712.pdf
1326,538,2020-10-06,FILE0001326,CR_538_20201006.pdf
1327,538,2021-02-06,FILE0001327,CR_538_20210206.pdf
1328,538,2021-10-23,FILE0001328,CR_538_20211023.pdf
1329,539,2023-09-10,FILE0001329,CR_539_20230910.pdf
1330,539,2023-12-31,FILE0001330,CR_539_20231231.pdf
1331,539,2024-08-19,FILE0001331,CR_539_20240819.pdf
1332,540,2022-09-22,FILE0001332,CR_540_20220922.pdf
1333,541,2020-04-23,FILE0001333,CR_541_20200423.pdf
1334,542,2021-10-04,FILE0001334,CR_542_20211004.pdf
1335,543,2020-05-10,FILE0001335,CR_543_20200510.pdf
1336,543,2020-09-29,FILE0001336,CR_543_20200929.pdf
1337,543,2021-06-22,FILE0001337,CR_543_20210622.pdf
1338,544,2023-10-07,FILE0001338,CR_544_20231007.pdf
1339,544,2024-04-26,FILE0001339,CR_544_20240426.pdf
1340,544,2024-04-27,FILE0001340,CR_544_20240427.pdf
1341,545,2020-10-14,FILE0001341,CR_545_20201014.pdf
1342,545,2021-01-26,FILE0001342,CR_545_20210126.pdf
1343,545,2021-09-05,FILE0001343,CR_545_20210905.pdf
1344,545,2022-04-19,FILE0001344,CR_545_20220419.pdf
1345,546,2022-12-04,FILE0001345,CR_546_20221204.pdf
1346,547,2022-10-13,FILE0001346,CR_547_20221013.pdf
1347,547,2023-01-22,FILE0001347,CR_547_20230122.pdf
1348,547,2023-06-10,FILE0001348,CR_547_20230610.pdf
1349,548,2021-10-03,FILE0001349,CR_548_20211003.pdf
1350,549,2021-04-28,FILE0001350,CR_549_20210428.pdf
1351,549,2021-09-19,FILE0001351,CR_549_20210919.pdf
1352,549,2021-12-18,FILE0001352,CR_549_20211218.pdf
1353,549,2022-03-18,FILE0001353,CR_549_20220318.pdf
1354,550,2020-12-24,FILE0001354,CR_550_20201224.pdf
1355,551,2022-06-19,FILE0001355,CR_551_20220619.pdf
1356,551,2022-10-19,FILE0001356,CR_551_20221019.pdf
1357,551,2023-07-24,FILE0001357,CR_551_20230724.pdf
1358,552,2022-10-01,FILE0001358,CR_552_20221001.pdf
1359,553,2023-12-03,FILE0001359,CR_553_20231203.pdf
1360,553,2024-04-11,FILE0001360,CR_553_20240411.pdf
1361,553,2024-10-16,FILE0001361,CR_553_20241016.pdf
1362,554,2022-08-30,FILE0001362,CR_554_20220830.pdf
1363,554,2022-12-29,FILE0001363,CR_554_20221229.pdf
1364,554,2023-05-07,FILE0001364,CR_554_20230507.pdf
1365,554,2024-04-27,FILE0001365,CR_554_20240427.pdf
1366,555,2022-01-13,FILE0001366,CR_555_20220113.pdf
1367,555,2022-07-13,FILE0001367,CR_555_20220713.pdf
1368,556,2021-09-23,FILE0001368,CR_556_20210923.pdf
1369,556,2022-03-14,FILE0001369,CR_556_20220314.pdf
1370,556,2022-11-07,FILE0001370,CR_556_20221107.pdf
1371,557,2023-09-18,FILE0001371,CR_557_20230918.pdf
1372,558,2023-11-15,FILE0001372,CR_558_20231115.pdf
1373,559,2021-06-02,FILE0001373,CR_559_20210602.pdf
1374,559,2021-10-19,FILE0001374,CR_559_20211019.pdf
1375,560,2023-08-01,FILE0001375,CR_560_20230801.pdf
1376,560,2023-12-15,FILE0001376,CR_560_20231215.pdf
1377,560,2024-09-14,FILE0001377,CR_560_20240914.pdf
1378,561,2022-12-31,FILE0001378,CR_561_20221231.pdf
1379,562,2022-06-25,FILE0001379,CR_562_20220625.pdf
1380,562,2022-09-24,FILE0001380,CR_562_20220924.pdf
1381,563,2021-06-07,FILE0001381,CR_563_20210607.pdf
1382,563,2021-09-16,FILE0001382,CR_563_20210916.pdf
1383,563,2022-07-30,FILE0001383,CR_563_20220730.pdf
1384,563,2023-01-13,FILE0001384,CR_563_20230113.pdf
1385,564,2021-09-01,FILE0001385,CR_564_20210901.pdf
1386,564,2022-03-20,FILE0001386,CR_564_20220320.pdf
1387,565,2022-06-17,FILE0001387,CR_565_20220617.pdf
1388,565,2022-10-25,FILE0001388,CR_565_20221025.pdf
1389,566,2020-03-10,FILE0001389,CR_566_20200310.pdf
1390,566,2020-09-26,FILE0001390,CR_566_20200926.pdf
1391,566,2021-10-16,FILE0001391,CR_566_20211016.pdf
1392,567,2022-08-22,FILE0001392,CR_567_20220822.pdf
1393,567,2023-01-11,FILE0001393,CR_567_20230111.pdf
1394,567,2023-10-12,FILE0001394,CR_567_20231012.pdf
1395,567,2024-04-04,FILE0001395,CR_567_20240404.pdf
1396,568,2022-05-15,FILE0001396,CR_568_20220515.pdf
1397,568,2022-12-08,FILE0001397,CR_568_20221208.pdf
1398,568,2023-06-07,FILE0001398,CR_568_20230607.pdf
1399,569,2020-11-24,FILE0001399,CR_569_20201124.pdf
1400,570,2022-11-02,FILE0001400,CR_570_20221102.pdf
1401,570,2023-03-17,FILE0001401,CR_570_20230317.pdf
1402,570,2023-08-15,FILE0001402,CR_570_20230815.pdf
1403,571,2022-07-17,FILE0001403,CR_571_20220717.pdf
1404,571,2022-10-18,FILE0001404,CR_571_20221018.pdf
1405,571,2023-07-26,FILE0001405,CR_571_20230726.pdf
1406,572,2023-08-06,FILE0001406,CR_572_20230806.pdf
1407,573,2023-07-14,FILE0001407,CR_573_20230714.pdf
1408,573,2024-01-21,FILE0001408,CR_573_20240121.pdf
1409,574,2020-01-07,FILE0001409,CR_574_20200107.pdf
1410,574,2020-05-01,FILE0001410,CR_574_20200501.pdf
1411,575,2021-10-04,FILE0001411,CR_575_20211004.pdf
1412,575,2022-01-12,FILE0001412,CR_575_20220112.pdf
1413,575,2022-04-30,FILE0001413,CR_575_20220430.pdf
1414,576,2021-05-26,FILE0001414,CR_576_20210526.pdf
1415,576,2021-11-23,FILE0001415,CR_576_20211123.pdf
1416,577,2023-05-01,FILE0001416,CR_577_20230501.pdf
1417,577,2023-09-20,FILE0001417,CR_577_20230920.pdf
1418,578,2022-07-13,FILE0001418,CR_578_20220713.pdf
1419,578,2023-01-30,FILE0001419,CR_578_20230130.pdf
1420,578,2023-07-16,FILE0001420,CR_578_20230716.pdf
1421,579,2021-06-17,FILE0001421,CR_579_20210617.pdf
1422,579,2021-12-11,FILE0001422,CR_579_20211211.pdf
1423,580,2021-07-31,FILE0001423,CR_580_20210731.pdf
1424,580,2021-11-08,FILE0001424,CR_580_20211108.pdf
1425,580,2022-05-13,FILE0001425,CR_580_20220513.pdf
1426,581,2021-01-07,FILE0001426,CR_581_20210107.pdf
1427,581,2021-07-28,FILE0001427,CR_581_20210728.pdf
1428,581,2021-10-10,FILE0001428,CR_581_20211010.pdf
1429,582,2020-02-12,FILE0001429,CR_582_20200212.pdf
1430,582,2020-09-07,FILE0001430,CR_582_20200907.pdf
1431,583,2020-07-01,FILE0001431,CR_583_20200701.pdf
1432,583,2020-10-24,FILE0001432,CR_583_20201024.pdf
1433,584,2023-12-07,FILE0001433,CR_584_20231207.pdf
1434,584,2024-03-27,FILE0001434,CR_584_20240327.pdf
1435,584,2024-06-16,FILE0001435,CR_584_20240616.pdf
1436,585,2023-06-19,FILE0001436,CR_585_20230619.pdf
1437,585,2023-12-02,FILE0001437,CR_585_20231202.pdf
1438,585,2024-02-20,FILE0001438,CR_585_20240220.pdf
1439,585,2024-05-11,FILE0001439,CR_585_20240511.pdf
1440,586,2022-01-23,FILE0001440,CR_586_20220123.pdf
1441,587,2020-01-29,FILE0001441,CR_587_20200129.pdf
1442,588,2022-07-18,FILE0001442,CR_588_20220718.pdf
1443,588,2023-01-10,FILE0001443,CR_588_20230110.pdf
1444,588,2023-05-20,FILE0001444,CR_588_20230520.pdf
1445,588,2023-05-29,FILE0001445,CR_588_20230529.pdf
1446,589,2021-02-20,FILE0001446,CR_589_20210220.pdf
1447,589,2021-09-08,FILE0001447,CR_589_20210908.pdf
1448,590,2021-08-12,FILE0001448,CR_590_20210812.pdf
1449,590,2022-01-12,FILE0001449,CR_590_20220112.pdf
1450,590,2022-05-15,FILE0001450,CR_590_20220515.pdf
1451,591,2022-06-02,FILE0001451,CR_591_20220602.pdf
1452,591,2022-09-26,FILE0001452,CR_591_20220926.pdf
1453,592,2021-08-02,FILE0001453,CR_592_20210802.pdf
1454,592,2022-01-25,FILE0001454,CR_592_20220125.pdf
1455,593,2022-05-06,FILE0001455,CR_593_20220506.pdf
1456,593,2022-09-25,FILE0001456,CR_593_20220925.pdf
1457,594,2020-02-28,FILE0001457,CR_594_20200228.pdf
1458,594,2020-06-30,FILE0001458,CR_594_20200630.pdf
1459,595,2023-06-19,FILE0001459,CR_595_20230619.pdf
1460,595,2024-01-11,FILE0001460,CR_595_20240111.pdf
1461,596,2022-01-27,FILE0001461,CR_596_20220127.pdf
1462,596,2022-07-23,FILE0001462,CR_596_20220723.pdf
1463,597,2020-06-24,FILE0001463,CR_597_20200624.pdf
1464,597,2020-11-21,FILE0001464,CR_597_20201121.pdf
1465,597,2021-01-24,FILE0001465,CR_597_20210124.pdf
1466,597,2022-02-17,FILE0001466,CR_597_20220217.pdf
1467,598,2023-11-20,FILE0001467,CR_598_20231120.pdf
1468,598,2024-05-15,FILE0001468,CR_598_20240515.pdf
1469,598,2024-07-11,FILE0001469,CR_598_20240711.pdf
1470,599,2023-12-21,FILE0001470,CR_599_20231221.pdf
1471,599,2024-06-22,FILE0001471,CR_599_20240622.pdf
1472,599,2024-11-17,FILE0001472,CR_599_20241117.pdf
1473,599,2024-12-21,FILE0001473,CR_599_20241221.pdf
1474,600,2020-07-14,FILE0001474,CR_600_20200714.pdf
